word,count
new,530
system,201
operator,194
uk,175
range,173
plant,170
,169
jcb,157
engine,152
first,151
excavator,146
fuel,139
customers,138
power,137
control,137
up,133
loader,115
compact,111
technology,108
site,107
time,103
cab,99
service,99
excavators,97
well,97
performance,96
hydraulic,96
electric,96
bobcat,91
wheel,90
design,89
support,86
safety,86
fleet,86
maintenance,86
operators,84
high,83
efficiency,83
productivity,78
hire,75
production,73
systems,72
hydrogen,71
doosan,71
loaders,70
battery,68
operation,68
model,68
stage,67
latest,67
attachments,66
emissions,64
management,62
dealer,60
brand,60
applications,60
machinery,59
help,59
solutions,58
world,58
increased,57
increase,57
part,57
full,57
further,56
just,56
director,56
development,56
easy,55
mini,54
operations,54
engines,54
include,54
diesel,53
bucket,53
global,52
capacity,52
visibility,52
hyundai,51
5,50
make,50
providing,50
addition,50
projects,50
last,50
powered,50
large,50
added,49
waste,49
small,48
display,48
ireland,48
deliver,48
cpa,48
manager,47
reduce,47
training,47
services,47
demolition,46
mining,46
trucks,45
meet,45
life,45
better,45
future,44
engineering,44
improved,44
finning,44
manufacturer,44
costs,43
plantworx,43
key,43
making,42
lift,42
level,41
next,41
parts,41
load,41
quick,41
develon,41
ensure,41
sany,40
larger,40
generation,40
steering,40
excellent,40
offering,40
continued,40
lower,40
less,40
industrial,39
needs,39
boom,39
ground,39
sector,39
europe,38
leading,38
lifting,38
sites,38
efficient,38
complete,38
comfort,38
companies,38
kubota,38
energy,37
includes,37
areas,37
solution,37
great,37
zero,37
miniexcavator,37
forward,37
rear,37
ltd,36
set,36
stand,36
consumption,36
tracked,36
track,36
attachment,36
speed,36
drive,36
together,36
heavy,35
data,35
remote,35
backhoe,35
existing,34
technologies,34
number,34
required,34
specialist,34
reducing,34
yanmar,34
largest,34
recycling,34
option,33
maximum,33
delivers,33
swing,33
controls,33
continue,33
challenge,33
torque,33
ideal,33
significant,33
low,33
wide,32
unique,32
advanced,32
sustainable,32
back,32
commitment,32
transmission,32
r,32
major,31
transport,31
line,31
made,31
improve,31
air,31
compared,31
mode,31
growth,31
additional,31
charity,31
scotland,31
recently,31
makes,31
quality,30
north,30
demand,30
local,30
position,30
size,30
merlo,30
built,30
move,29
xwatch,29
day,29
event,29
loading,29
focus,29
charge,29
needed,29
get,29
top,29
flow,29
experience,28
launched,28
digging,28
installed,28
cost,28
side,28
executive,28
mobile,28
long,28
best,28
joystick,28
process,28
mark,28
software,27
pressure,27
second,27
contractors,27
automatic,27
end,27
every,27
supply,27
combustion,27
skills,27
allowing,27
levels,27
operate,27
place,27
3d,27
force,26
handling,26
truck,26
front,26
following,26
alongside,26
right,26
centre,26
network,26
height,26
environmental,26
building,26
single,26
oil,26
easily,26
growing,26
environment,26
thanks,26
delivering,25
quickly,25
current,25
benefits,25
view,25
fast,25
association,25
traction,25
versatile,25
adt,25
conditions,25
steel,25
class,25
various,25
looking,25
helping,25
off,25
comes,25
crawler,24
businesses,24
combined,24
combination,24
capabilities,24
test,24
payload,24
hitachi,24
unit,24
longer,24
impact,24
integrated,24
run,24
ever,23
four,23
reduced,23
higher,23
jobs,23
9300,23
whilst,23
platform,23
thomas,23
variety,23
report,23
job,23
purchase,23
functions,23
improves,23
safe,23
means,23
dedicated,23
space,23
blade,22
england,22
come,22
tiltrotator,22
plans,22
different,22
million,22
taking,22
monitor,22
camera,22
plus,22
application,22
enhanced,22
information,22
comfortable,22
people,22
smart,22
reach,22
pro,21
times,21
dumper,21
south,21
noise,21
travel,21
greater,21
precision,21
change,21
easier,21
engcon,21
really,21
strong,21
managing,21
reliable,21
several,21
road,21
fitted,21
dozer,21
gives,21
delivery,20
wheeled,20
innovation,20
east,20
previous,20
output,20
develop,20
agricultural,20
diggers,20
events,20
telehandler,20
tool,20
simple,20
region,20
vehicles,20
filter,20
june,20
wear,20
partnership,20
good,20
throughout,20
seat,20
special,20
expansion,19
stability,19
create,19
visit,19
five,19
success,19
coupler,19
down,19
screen,19
heavyduty,19
led,19
industries,19
powerful,19
popular,19
delighted,19
protection,19
supporting,19
extended,19
manufacturing,19
savings,19
dx85r7,19
role,19
developed,19
helps,19
10,19
due,19
tasks,19
distributor,19
compaction,19
provided,18
total,18
radius,18
rental,18
inside,18
via,18
look,18
degrees,18
buckets,18
carbon,18
country,18
reliability,18
value,18
width,18
longterm,18
efficiently,18
own,18
recent,18
moving,18
explained,18
takeuchi,18
ability,18
terex,18
terrain,18
dump,18
digger,18
partner,18
international,18
installation,18
march,18
build,17
reduction,17
bauma,17
buy,17
valve,17
miniexcavators,17
users,17
durability,17
feedback,17
innovative,17
allow,17
vital,17
versatility,17
sustainability,17
cycle,17
established,17
price,17
enhance,17
mchale,17
approach,17
boost,17
location,17
especially,17
supplied,17
scheme,17
screening,17
specifically,17
emission,17
concept,16
maintain,16
positive,16
few,16
coming,16
20,16
optimised,16
depth,16
launch,16
pothole,16
proven,16
facilities,16
dealers,16
european,16
contractor,16
forestry,16
downtime,16
challenging,16
keep,16
today,16
tools,16
automatically,16
package,16
commercial,16
citb,16
benefit,16
taken,16
programme,16
compactor,16
expected,16
announced,16
handler,16
function,16
tl25.60,16
sectors,16
targets,16
left,16
onsite,16
give,16
improving,16
hdi,16
achieve,16
staff,16
infrastructure,16
tom,16
maximise,16
civil,16
haul,15
chief,15
safely,15
grapple,15
conventional,15
british,15
australia,15
third,15
standards,15
2021,15
everything,15
name,15
months,15
increasing,15
robust,15
enabling,15
joined,15
week,15
ensuring,15
base,15
flexibility,15
e19e,15
arm,15
eu,15
successful,15
factory,15
digital,15
delivered,15
continues,15
opportunity,15
soil,15
members,15
pictured,15
challenges,15
potential,15
smt,15
month,15
per,15
guidance,15
kobelco,15
trimble,15
children,15
perfect,15
driver,15
station,15
d10,15
visitors,15
expand,15
turning,15
touchscreen,15
angle,15
vehicle,15
faster,14
wider,14
point,14
economy,14
entire,14
produced,14
internal,14
relationship,14
began,14
cutting,14
positioning,14
capability,14
result,14
featuring,14
enable,14
selected,14
telematics,14
vegas,14
running,14
las,14
grow,14
dumpers,14
highly,14
hammer,14
tip,14
reckons,14
precise,14
extremely,14
northern,14
giving,14
almost,14
autonomous,14
tier,14
choice,14
gb,14
expanding,14
currently,14
pump,14
clean,14
far,14
ranging,14
eleo,14
opportunities,14
controlled,14
money,14
among,14
america,14
founded,14
charging,14
da457,14
worked,14
hvo,14
hydraulics,14
reduces,14
vibration,14
stu,14
case,14
close,14
suitable,14
carry,14
sensors,14
1,14
smaller,14
apprentices,14
newly,13
unicontrol,13
involved,13
welcome,13
commented,13
multiple,13
water,13
stateoftheart,13
miller,13
door,13
distribution,13
smbs,13
cummins,13
engineers,13
landscaping,13
shift,13
comprehensive,13
accurate,13
response,13
planning,13
auxiliary,13
critical,13
put,13
rotor,13
upper,13
division,13
included,13
motor,13
started,13
technical,13
extensive,13
telehandlers,13
epiroc,13
early,13
increases,13
significantly,13
hand,13
flexible,13
highest,13
lock,13
completed,13
against,13
seen,13
tight,13
milestone,13
green,13
short,13
always,13
cover,13
tilt,13
gas,13
fantastic,13
frame,13
exhibition,13
weighing,13
care,13
known,13
direct,13
invested,12
cells,12
dig,12
whole,12
overall,12
came,12
placed,12
martin,12
connected,12
nine,12
mecalac,12
productive,12
committed,12
strength,12
incab,12
round,12
onboard,12
monitoring,12
direction,12
batteries,12
terms,12
points,12
traditional,12
health,12
family,12
concrete,12
garrick,12
located,12
asset,12
configuration,12
operational,12
360degree,12
portfolio,12
getting,12
stick,12
swe,12
go,12
hill,12
developments,12
huge,12
overhaul,12
showcase,12
confined,12
cabin,12
iq,12
leica,12
grapples,12
regional,12
competition,12
mind,12
miles,12
purchased,12
phase,12
automation,12
central,11
button,11
alternative,11
february,11
general,11
collaboration,11
replacing,11
improvements,11
pioneering,11
version,11
modern,11
manual,11
groundworks,11
step,11
john,11
free,11
issues,11
earthmoving,11
despite,11
creating,11
tough,11
hcmuk,11
cleaning,11
period,11
mediumsized,11
trs8,11
impressive,11
trade,11
average,11
directly,11
transportation,11
outside,11
pile,11
deal,11
generators,11
serve,11
star,11
debut,11
gear,11
storage,11
topcon,11
telescopic,11
chairman,11
big,11
families,11
30,11
kevin,11
shows,11
behind,11
uptime,11
rearview,11
limited,11
urban,11
light,11
units,11
995,11
servicing,11
15,11
8,11
owners,11
packs,11
fit,11
oilquick,11
real,11
ease,11
sunward,11
wales,11
compatible,11
15th,11
double,11
save,11
proud,11
module,11
emea,11
tail,11
expertise,11
cut,11
below,11
50,10
density,10
plate,10
worth,10
biggest,10
avoid,10
4000,10
remotely,10
cooling,10
command,10
joysticks,10
bought,10
ceo,10
sandvik,10
cesar,10
days,10
rail,10
836,10
return,10
adjustable,10
prototype,10
breakout,10
molson,10
whose,10
achieved,10
optimise,10
gnss,10
knowledge,10
forklifts,10
agriculture,10
plan,10
driving,10
lead,10
national,10
remove,10
4x4,10
availability,10
shown,10
2020,10
rigid,10
advantage,10
amount,10
history,10
articulated,10
static,10
become,10
tiltrotators,10
powerscreen,10
field,10
integration,10
scottish,10
xw5,10
lines,10
structures,10
january,10
rotary,10
lights,10
extra,10
annual,10
employees,10
functionality,10
selection,10
svab,10
still,10
genie,10
replacement,10
think,10
moxy,10
dx637,10
murphy,10
capable,10
piling,10
sy19e,10
zeroemission,10
content,10
similar,10
board,10
maker,10
reverse,10
tyres,10
tree,10
type,10
electronic,10
straight,10
held,10
minimal,10
firm,10
grade,10
adam,10
difficult,10
owner,10
offered,10
profile,10
auto,10
13th,10
produces,10
rototilt,9
lineup,9
public,9
boasts,9
bamford,9
processing,9
exhaust,9
created,9
couplers,9
responsibility,9
filters,9
countries,9
supports,9
settings,9
conexpocon/agg,9
ago,9
going,9
spaces,9
strengthen,9
finance,9
amy,9
capacities,9
siteworks,9
warranty,9
pack,9
contract,9
appointed,9
confirmed,9
manage,9
body,9
ready,9
efforts,9
open,9
play,9
install,9
card,9
implement,9
achieving,9
fact,9
net,9
2024,9
impressions,9
jobsite,9
app,9
brands,9
infracore,9
became,9
loadall,9
rebuild,9
demands,9
daily,9
son,9
funding,9
heads,9
rubber,9
turn,9
crushers,9
mine,9
risk,9
strategy,9
fortescue,9
follow,9
decision,9
acquisition,9
past,9
hitch,9
cleaner,9
changed,9
collard,9
target,9
start,9
3cx,9
confidence,9
mcgrath,9
japan,9
5compliant,9
25,9
r60,9
aftersales,9
workshop,9
six,9
extreme,9
aseries,9
structure,9
excited,9
showing,9
demonstrate,9
official,9
decrease,9
responsible,9
august,9
according,9
10000,9
userfriendly,9
president,9
haulage,9
smooth,9
results,9
council,9
dx140lc7k,9
safer,9
booth,9
difference,9
adts,9
co,9
announcement,9
skidsteer,9
extend,9
research,9
repair,9
add,9
2000,9
ensures,9
beatty,9
switch,9
glass,9
sand,9
billion,9
superior,9
balfour,9
speeds,9
away,9
mechanical,9
present,9
oems,9
super,9
presence,9
unveiled,9
vio38,9
government,9
tractor,9
changes,9
ways,9
ausa,9
modes,9
expanded,9
optimum,9
mpc,9
personnel,9
950,9
50%,9
factors,9
fill,9
find,8
duty,8
encourage,8
operates,8
peterborough,8
jonsson,8
continuing,8
dl3807,8
fuels,8
james,8
face,8
sizes,8
carrying,8
tonne,8
powertrain,8
rd,8
host,8
roads,8
know,8
revotruck,8
assist,8
choose,8
sold,8
media,8
anthony,8
renewable,8
investing,8
highlights,8
coventry,8
career,8
stone,8
selling,8
suit,8
crushing,8
aftermarket,8
seeing,8
tim,8
spain,8
developing,8
nextgeneration,8
keeping,8
joseph,8
optimal,8
metso,8
teams,8
forces,8
hunt,8
seven,8
scale,8
nationwide,8
agreement,8
allison,8
undercarriage,8
beach,8
award,8
saw,8
skipway,8
canopy,8
hinowa,8
ft,8
planthire,8
ryan,8
warehouse,8
adjustment,8
utilising,8
jan,8
review,8
manufactured,8
cell,8
portable,8
aftertreatment,8
rated,8
ow,8
germany,8
acquired,8
link,8
park,8
compactors,8
quarrying,8
landfill,8
journey,8
clear,8
lord,8
environmentally,8
floor,8
andy,8
interface,8
detection,8
diagnostics,8
ordered,8
150,8
equivalent,8
outdoor,8
dawsongroup,8
authorised,8
supplier,8
combines,8
electrified,8
goal,8
tire,8
2019,8
carriers,8
20%,8
independent,8
require,8
effective,8
white,8
component,8
co2,8
rseries,8
drivetrain,8
4,8
took,8
exclusive,8
economic,8
edge,8
combining,8
quarry,8
codes,8
exciting,8
box,8
phoenix,8
quarter,8
electrification,8
original,8
rapidly,8
manoeuvrability,8
prevent,8
vision,8
demonstration,8
depending,8
minimise,8
cameras,8
segment,8
rotation,8
352,8
medium,8
demo,8
valves,8
itself,8
useful,8
aggregates,8
worldwide,8
temperature,8
12,8
repairs,8
budget,8
raised,8
finalists,8
gems,8
handlers,7
say,7
guide,7
moldboard,7
100,7
workers,7
premium,7
offerings,7
equal,7
minton,7
cde,7
eliminates,7
max,7
meets,7
ultimate,7
source,7
redesigned,7
electrohydraulic,7
dx62r7,7
prinoth,7
shellplant,7
france,7
stock,7
later,7
bert,7
colour,7
gone,7
typically,7
invest,7
sheet,7
prior,7
sk39sr7,7
962,7
arena,7
gow,7
vibratory,7
near,7
greenhouse,7
lever,7
updates,7
signed,7
25%,7
united,7
converter,7
leader,7
automotive,7
meeting,7
allelectric,7
climate,7
tackle,7
90,7
receive,7
hydraulically,7
denis,7
da307,7
west,7
id,7
indoor,7
joining,7
half,7
marketing,7
rotate,7
advantages,7
displays,7
morris,7
movement,7
leslie,7
numerous,7
rpm,7
2050,7
demonstrating,7
regulations,7
forks,7
2100t,7
differential,7
tires,7
external,7
measures,7
individual,7
effectively,7
clutch,7
typical,7
roguex,7
brings,7
lot,7
mc,7
leigh,7
rm600,7
pleased,7
abb,7
peace,7
gain,7
completing,7
primary,7
environments,7
adding,7
piles,7
minimising,7
specialises,7
carried,7
headquarters,7
impressed,7
inventory,7
often,7
weeks,7
conference,7
user,7
cingo,7
tb350r,7
pass,7
customised,7
touch,7
contribute,7
levers,7
configurations,7
assets,7
saracakis,7
compliant,7
shovel,7
transition,7
forefront,7
celebrate,7
grown,7
produce,7
stronger,7
workforce,7
covers,7
vertical,7
promises,7
certified,7
500,7
compressor,7
introduction,7
live,7
utility,7
reputation,7
manufacturers,7
appointment,7
once,7
initially,7
lithiumion,7
achievement,7
social,7
metal,7
classic,7
dealership,7
establish,7
lowering,7
epa,7
dust,7
console,7
decarbonisation,7
eliminating,7
circuit,7
spacious,7
conexpo,7
steps,7
upgraded,7
diverse,7
reinforced,7
professionals,7
friendly,7
hard,7
champion,7
7,7
fire,7
sell,7
compartment,7
shop,7
platforms,7
hydrostatic,7
motors,7
goes,7
conditioning,7
hybrid,7
controllability,7
methods,7
hauler,7
got,7
course,7
geosystems,7
10%,7
fluid,7
extends,7
potholes,7
details,7
theyre,7
asphalt,7
complex,6
electrical,6
chain,6
pv,6
driven,6
19c1e,6
d24,6
operated,6
allnew,6
clients,6
zerocarbon,6
intended,6
shifting,6
assembly,6
valuable,6
piece,6
perform,6
enormous,6
dobson,6
india,6
greener,6
constant,6
residential,6
competitive,6
simplified,6
founder,6
category,6
showcasing,6
netherlands,6
serving,6
joint,6
africa,6
resulting,6
auction,6
roy,6
sweden,6
boliden,6
skilled,6
layout,6
respectively,6
swivel,6
panel,6
earlier,6
recover,6
fundraising,6
nul,6
globe,6
wanted,6
clay,6
slopes,6
neutrality,6
highlight,6
processes,6
narrow,6
values,6
outotec,6
rm800,6
sons,6
harris,6
concluded,6
spread,6
buying,6
utilities,6
fed,6
fitting,6
rebuilds,6
slope,6
ice,6
suited,6
agreed,6
decided,6
smallest,6
designs,6
manufacture,6
dieselpowered,6
prevention,6
plastic,6
priority,6
samoter,6
removal,6
agency,6
winning,6
9th,6
additionally,6
sidegrip,6
partners,6
breakers,6
incredibly,6
cars,6
forest,6
hope,6
handle,6
represents,6
displayed,6
washpod,6
account,6
championship,6
talent,6
proximity,6
recovery,6
realtime,6
land,6
organisation,6
ls,6
expands,6
planned,6
positioned,6
match,6
bill,6
coupling,6
importance,6
drainage,6
ongoing,6
simplifying,6
carmac,6
remains,6
cabs,6
ross,6
sorting,6
depots,6
kit,6
revetment,6
spring,6
david,6
rough,6
introducing,6
supported,6
optimas,6
visual,6
types,6
ras,6
firms,6
term,6
wheels,6
fossil,6
ranges,6
hwm,6
natural,6
containers,6
train,6
variable,6
monitors,6
satellite,6
covering,6
excavation,6
plants,6
avoidance,6
dirt,6
action,6
yomp,6
cateran,6
date,6
confident,6
awarded,6
april,6
zones,6
14,6
dual,6
10000th,6
hydrogenpowered,6
heat,6
consistent,6
suspension,6
platinum,6
father,6
received,6
comprises,6
bay,6
tractors,6
called,6
former,6
skip,6
home,6
thank,6
danfoss,6
fraction,6
4wheel,6
enabled,6
rc,6
heating,6
acceleration,6
raise,6
s7x,6
alert,6
essential,6
idle,6
garnea,6
rate,6
approximately,6
presented,6
hd,6
celebrated,6
tailored,6
accessible,6
previously,6
/,6
renowned,6
school,6
iron,6
carrier,6
cold,6
true,6
yokohama,6
recognised,6
initiative,6
familiar,6
36,6
connection,6
electricity,6
2,6
gme,6
exceptional,6
navigation,6
partnered,6
wash,6
marine,6
alerts,6
retention,6
specific,6
common,6
loads,6
dimensions,6
log,6
young,6
security,6
believe,6
something,6
costeffective,6
generator,6
apprenticeships,6
13,6
jim,6
jlg,6
linkage,6
costly,6
sk34sr7,6
thermal,6
innovations,6
join,6
check,6
exhibit,6
drum,6
removed,6
fewer,6
becoming,6
smile,6
mounted,6
holding,6
vessel,6
eco,6
premises,6
htc,6
states,6
deep,5
serviceability,5
things,5
metals,5
hub,5
earthworks,5
sea,5
10inch,5
patrick,5
tank,5
contributing,5
sound,5
intelligent,5
damage,5
integrate,5
technicians,5
soldiers,5
abf,5
replaces,5
disposal,5
solar,5
rimpull,5
losses,5
sure,5
creates,5
offset,5
moved,5
aggregate,5
£100,5
regular,5
although,5
allterrain,5
revealed,5
lowers,5
dx800lc7,5
excel,5
input,5
proved,5
formerly,5
rely,5
reaching,5
slow,5
interview,5
maxcontrol,5
kilmac,5
pavilion,5
stop,5
dinner,5
spoa,5
czech,5
competitions,5
community,5
continuous,5
setup,5
protect,5
sensor,5
bit,5
stress,5
footprint,5
articulation,5
8%,5
utilise,5
yuasa,5
burn,5
secured,5
locations,5
levelling,5
installing,5
batteryelectric,5
durable,5
issue,5
channel,5
alone,5
underground,5
pins,5
plantmobilia,5
smoother,5
usage,5
collected,5
throttle,5
8inch,5
maximising,5
plates,5
takes,5
upgrade,5
trust,5
producing,5
gps,5
definitely,5
enhancing,5
particular,5
rhodar,5
ahead,5
7/45,5
appearance,5
completely,5
nozzles,5
understanding,5
18,5
suspended,5
appeal,5
litres,5
surprisingly,5
resistance,5
primarily,5
situated,5
devon,5
molde,5
upgrades,5
14tonne,5
engineer,5
purchasing,5
exactly,5
norway,5
communication,5
beyond,5
regions,5
offices,5
verity,5
housing,5
mirrors,5
euro,5
inhouse,5
incredible,5
certainly,5
grader,5
minutes,5
diagnostic,5
md,5
luyckx,5
qualifications,5
iso,5
chancellor,5
proper,5
website,5
balance,5
basis,5
controlling,5
cutters,5
breaking,5
changing,5
recommended,5
behalf,5
maintaining,5
contracting,5
1000,5
40%,5
expert,5
theft,5
recognise,5
ceulemans,5
tax,5
jkr,5
pumps,5
season,5
18th,5
discharge,5
peter,5
sharing,5
cutter,5
reports,5
again,5
overload,5
stands,5
employment,5
met,5
switches,5
c,5
continually,5
targeted,5
pillars,5
cylinder,5
allaround,5
modular,5
core,5
trusted,5
helped,5
hall,5
intuitive,5
coast,5
heart,5
60,5
commenting,5
clearance,5
scot,5
resulted,5
complement,5
resources,5
6tonne,5
anniversary,5
retain,5
trading,5
glasgow,5
dx250wmh7,5
debris,5
cambridgeshire,5
raw,5
parties,5
peak,5
zbar,5
staffordshire,5
newest,5
stabilisation,5
carriage,5
100%,5
liebherrfrance,5
sas,5
epower,5
troubleshoot,5
positions,5
indicator,5
brian,5
shape,5
vpm,5
jackson,5
m,5
16,5
italian,5
rci,5
roller,5
won,5
requires,5
particulate,5
pushbutton,5
why,5
turns,5
courses,5
etech,5
onto,5
ja,5
roc,5
chamber,5
fault,5
beaches,5
surfaces,5
johal,5
framework,5
trenches,5
jobsites,5
mixed,5
setting,5
accurately,5
covered,5
crusher,5
awareness,5
upcoming,5
visionlink,5
doors,5
handover,5
old,5
testing,5
opted,5
dm,5
try,5
finally,5
wait,5
trained,5
subsidiary,5
competence,5
red,5
profitability,5
person,5
lcf,5
mh3050,5
enter,5
tb20e,5
hoses,5
labour,5
jamie,5
strategic,5
8tonne,5
lugs,5
shorter,5
employs,5
port,5
reporting,5
hour,5
combine,5
|,5
netzero,5
risks,5
'],5
versions,5
30%,5
himate,5
learning,5
marshall,5
spend,5
republic,5
30th,5
testament,5
clearly,5
frames,5
toughest,5
wae,5
400,5
zone,5
lowest,5
2nd,5
transported,5
tests,5
outstanding,5
awards,5
celebrating,5
highperformance,5
german,5
modifications,5
exhibiting,5
bespoke,5
hardox,5
kind,5
daredevil,5
90%,5
increasingly,5
payloads,5
mixing,5
powering,5
updated,5
address,5
oem,5
tandem,5
adjustments,5
preview,5
story,5
flash,5
apprenticeship,5
gth1256,5
paving,5
elektronik,5
mernok,5
entry,5
attractive,5
pay,5
pc88mr11,4
foot,4
videos,4
activated,4
monitored,4
braking,4
fcc,4
steep,4
excavating,4
profiles,4
ambitions,4
refuelling,4
secondary,4
autodig,4
enough,4
landmark,4
advancing,4
comply,4
particulates,4
automate,4
styling,4
closer,4
showed,4
994k,4
introduced,4
planers,4
experienced,4
unnecessary,4
5500,4
followed,4
doheny,4
act,4
t7x,4
rotating,4
house,4
fan,4
kg,4
china,4
enhances,4
lowered,4
roll,4
object,4
competing,4
surface,4
corporation,4
convenient,4
nearly,4
pressurised,4
dl5507,4
rise,4
ring,4
serviced,4
compressed,4
parkinson,4
finals,4
castellón,4
forklift,4
starting,4
passive,4
compete,4
q4,4
allowed,4
40tonne,4
slew,4
protected,4
comparable,4
uneven,4
+,4
consider,4
maximises,4
intake,4
fund,4
brendan,4
connect,4
hit,4
feed,4
e26,4
facilitate,4
remaining,4
accuracy,4
festival,4
fleets,4
utilisation,4
coverage,4
utilises,4
lamps,4
836c,4
subject,4
paula,4
martínez,4
reached,4
modules,4
ess,4
reclamation,4
metric,4
hl960a,4
colmar,4
utilised,4
ecorhena,4
logistics,4
others,4
proving,4
multipurpose,4
chassis,4
10ton,4
activities,4
span,4
showcased,4
active,4
client,4
matt,4
rates,4
announcements,4
ec140e,4
emulsion,4
raúl,4
revolutionary,4
indonesia,4
856c,4
promise,4
magnet,4
fourth,4
gareth,4
2027,4
city,4
wim,4
belgian,4
selective,4
cabbed,4
roadside,4
zf,4
italy,4
feel,4
wont,4
rewarding,4
win,4
3,4
themselves,4
opened,4
october,4
expectations,4
groundbreaking,4
bring,4
operability,4
eight,4
introduce,4
breaks,4
owns,4
northamptonshire,4
successfully,4
section,4
jack,4
oxidation,4
flood,4
happy,4
longstanding,4
lifespan,4
worsley,4
2017,4
demanding,4
catalyst,4
form,4
chosen,4
considering,4
14l/h,4
returning,4
ct2535,4
validation,4
immediately,4
streamline,4
leaving,4
hardware,4
speaking,4
ngh,4
shear,4
mccloskey,4
charger,4
supplies,4
pr,4
1972,4
advances,4
importer,4
magnets,4
stood,4
french,4
e55z,4
jaw,4
extending,4
tamworth,4
hold,4
movements,4
brandnew,4
demonstrated,4
kubotas,4
gem,4
windows,4
education,4
finish,4
screens,4
lamma,4
roof,4
sale,4
aimed,4
conveniently,4
dpf,4
shanahan,4
highresolution,4
southampton,4
comprising,4
offroad,4
looked,4
tyre,4
picking,4
none,4
providers,4
robert,4
2015,4
gears,4
rest,4
approved,4
watling,4
recruit,4
loaded,4
educational,4
offhighway,4
lots,4
launching,4
player,4
late,4
catalytic,4
distance,4
quieter,4
prepared,4
rapid,4
agri,4
surveying,4
12%,4
minister,4
jones,4
closing,4
colm,4
15%,4
bearing,4
alignment,4
push,4
backlog,4
ratio,4
proportional,4
niclas,4
switching,4
device,4
klara,4
ecotec,4
plug,4
cobra,4
9250,4
visiting,4
hx85a,4
showground,4
panoramic,4
hillhead,4
zaxis,4
commands,4
radial,4
grading,4
autonomy,4
described,4
strict,4
highlands,4
senior,4
submonitor,4
dalgliesh,4
nspcc,4
department,4
hot,4
pick,4
sg,4
ipu,4
simplify,4
fresh,4
owned,4
patented,4
multifunction,4
firsthand,4
replace,4
bulk,4
ownership,4
lighter,4
clint,4
participants,4
perfectly,4
perth,4
zerotailswing,4
1tonne,4
joins,4
5000,4
demonstrates,4
encouraging,4
accelerate,4
update,4
talking,4
quite,4
goals,4
180,4
possibility,4
1000th,4
angles,4
eye,4
fans,4
shares,4
taylor,4
looks,4
gmbh,4
detailed,4
alex,4
stator,4
karunia,4
rounds,4
decades,4
block,4
hargreaves,4
performing,4
named,4
understand,4
pedal,4
extension,4
sign,4
rebuilt,4
arrive,4
x,4
250tonne,4
problems,4
backed,4
massive,4
outgoing,4
snow,4
september,4
loadsensing,4
radiator,4
enters,4
length,4
fine,4
familyowned,4
fuelled,4
aitken,4
assc,4
dl2807,4
offshore,4
trees,4
underway,4
develops,4
vp,4
bonnet,4
fits,4
closely,4
authority,4
officially,4
hydro,4
exchange,4
lfp,4
lithium,4
presenting,4
tablet,4
interior,4
dx255nlc,4
pattern,4
solidlink,4
secure,4
14th,4
bracket,4
vibrations,4
panels,4
axles,4
landscape,4
deck,4
walk,4
pilot,4
grouped,4
9,4
tons,4
temperatures,4
prevents,4
radar,4
tubes,4
authorities,4
array,4
soft,4
schools,4
pace,4
2way,4
planet,4
exsel,4
island,4
share,4
reservoirs,4
righthand,4
soldiers',4
grades,4
veterans,4
36%,4
t86,4
lücking,4
rock,4
elnesvågen,4
hazardous,4
ship,4
valley,4
coombes,4
tipping,4
decarbonise,4
maintains,4
purposebuilt,4
simplicity,4
eliminate,4
steer,4
minestar,4
sennebogen,4
varying,4
elements,4
additions,4
collision,4
gold,4
though,4
lives,4
asia,4
mapping,4
drill,4
futureproof,4
generate,4
wbmd,4
study,4
wellknown,4
proprietary,4
52560e,4
cea,4
initiatives,4
prices,4
livery,4
sized,4
attendees,4
emc,4
ore,4
places,4
wet,4
batterypowered,4
essex,4
resistant,4
economical,4
boosting,4
tees,4
incorporates,4
2m,4
permanent,4
ergonomic,4
online,4
scheduled,4
gc,4
hyundais,4
learn,4
necessary,4
trend,4
ones,4
names,4
packages,4
clearing,4
suppliers,4
interest,4
financial,4
regeneration,4
trench,4
generations,4
reliably,4
remediation,4
crab,3
academic,3
tightest,3
personal,3
sixth,3
effort,3
practises,3
basic,3
engagement,3
skill,3
overhauls,3
ecological,3
certification,3
pedestrian,3
watch,3
dipper,3
marc,3
regardless,3
southern,3
fee,3
phosphate,3
specialty,3
hollingsworth,3
rtc,3
antislip,3
replaced,3
envelope,3
activity,3
surgery,3
leap,3
lemke,3
swinging,3
transfer,3
downhill,3
2.5,3
guarantees,3
headquartered,3
rdts,3
richard,3
dx20,3
variant,3
manner,3
guards,3
capital,3
experiences,3
furthermore,3
punch,3
guaranteed,3
realising,3
asked,3
swedish,3
promoting,3
appreciate,3
hx480al,3
hx330al,3
smarter,3
prefabricated,3
couple,3
keyless,3
obstructions,3
select,3
determined,3
raising,3
dx85r3,3
confirm,3
likufix,3
outcomes,3
cylinders,3
grabs,3
unrivalled,3
focused,3
consideration,3
corners,3
doc,3
bedfordshire,3
leverage,3
pit,3
cvt,3
zx490lch6s,3
augers,3
mcv,3
record,3
audio,3
v,3
paid,3
majority,3
craig,3
shifts,3
fixed,3
grant,3
july,3
easeofuse,3
biogas,3
ingress,3
onthego,3
t76,3
85%,3
earth,3
industrifastigheter,3
busy,3
stars,3
askersunds,3
steinexpo,3
brake,3
mulcher,3
demonstrations,3
nox,3
bristolbased,3
lean,3
initial,3
specified,3
katie,3
6cylinder,3
skt105,3
store,3
multiview,3
accessed,3
applied,3
style,3
girl,3
mervyn,3
lambert,3
excavatormounted,3
hcee,3
slip,3
involving,3
specifications,3
river,3
cater,3
clock,3
preference,3
finishing,3
satisfied,3
conclusion,3
cause,3
withstand,3
preventing,3
items,3
bev,3
mcx,3
vice,3
2000rpm,3
connectivity,3
rural,3
mcmobile,3
bigger,3
resource,3
adaptable,3
trash,3
royal,3
dashboard,3
baumer,3
loss,3
bottom,3
recycled,3
washer,3
mainly,3
reasons,3
poland,3
age,3
car,3
orders,3
dl420cvt5,3
hose,3
bruce,3
knew,3
erosion,3
search,3
falling,3
allinone,3
kverneland,3
19%,3
dc13,3
trip,3
stories,3
relief,3
d475a5,3
counterweight,3
hosting,3
liugong,3
2000th,3
schemes,3
bid,3
progress,3
fullsize,3
davies,3
scania,3
20fed,3
least,3
6%,3
rather,3
155uf,3
certain,3
obstacle,3
spc3,3
truly,3
firsts,3
applicationspecific,3
317,3
28,3
considered,3
supplying,3
accommodates,3
simply,3
delays,3
6ton,3
mines,3
beneficial,3
sy16c,3
thrilled,3
web,3
allan,3
scalping,3
scrap,3
upwards,3
correct,3
trs,3
penetration,3
longlife,3
cobalt,3
undertaking,3
powers,3
beacon,3
distributed,3
volumes,3
n,3
milling,3
bros,3
3500,3
strengthened,3
irish,3
fork,3
lighting,3
ambassador,3
complies,3
heath,3
gravel,3
neste,3
grants,3
list,3
dutch,3
awardwinning,3
bringing,3
80%,3
background,3
connecting,3
2018,3
7inch,3
tfm,3
machinemax,3
consistency,3
embracing,3
charged,3
qualified,3
starts,3
spec,3
booms,3
freeze,3
relevant,3
dl420cvt7,3
american,3
register,3
r4500,3
bold,3
j,3
subscribe,3
anyone,3
midtolargesized,3
manitou,3
sense,3
fields,3
sets,3
follows,3
rigs,3
passion,3
interact,3
servo,3
virtual,3
engaging,3
surrounding,3
rig,3
reinforcement,3
gauge,3
helmond,3
traffic,3
trailers,3
propagation,3
nambsheim,3
runaway,3
2007,3
ecoil,3
rj,3
tefra,3
bolton,3
proactively,3
welded,3
turned,3
shaft,3
removes,3
harbour,3
1800,3
oqc,3
highpressure,3
pair,3
grateful,3
rugged,3
wood,3
ideally,3
protects,3
dependable,3
ian,3
satisfy,3
200,3
deployed,3
communities,3
gap,3
limits,3
considerably,3
funds,3
euros,3
seamlessly,3
170,3
cleaned,3
silver,3
domestic,3
inspiring,3
socket,3
bank,3
reportedly,3
bms,3
vast,3
mcmillan,3
shapes,3
rotator,3
stroke,3
cpcs,3
grab,3
injection,3
hauling,3
discussions,3
930,3
35,3
suppression,3
zaxis7,3
responsiveness,3
elevation,3
hct,3
overband,3
divisions,3
excellence,3
nuclear,3
shorttailswing,3
dozers,3
regulation,3
c18,3
locks,3
glen,3
fitzgerald,3
norman,3
constructing,3
facilitates,3
rm,3
fi,3
strengthening,3
4m,3
15litre,3
buttons,3
clever,3
rts,3
schedules,3
45,3
prototypes,3
views,3
oshkosh,3
firstclass,3
fines,3
rollers,3
inspired,3
tell,3
120,3
chris,3
onwards,3
advance,3
counterpart,3
gary,3
adds,3
foundations,3
treatment,3
contaminated,3
assistance,3
compatibility,3
egr,3
remanufactured,3
relies,3
pole,3
customisable,3
onestop,3
passes,3
ripper,3
housebuilding,3
cycles,3
optimises,3
officer,3
2tonne,3
provider,3
claire,3
728e,3
permanently,3
solid,3
3%,3
guarding,3
builds,3
inspection,3
guard,3
branch,3
homes,3
somerset,3
automated,3
marks,3
audience,3
electrically,3
approval,3
requiring,3
eager,3
reclaimer/stabiliser,3
outdoors,3
mds,3
prestigious,3
2030,3
assembled,3
immediate,3
marketleading,3
2010,3
bus,3
experts,3
exact,3
dextreme,3
14%,3
expensive,3
integral,3
errors,3
rob,3
fabricators,3
genuine,3
bobcare,3
keith,3
embark,3
import,3
highpower,3
lobe,3
789,3
diagnose,3
tested,3
450,3
fulldepth,3
investments,3
hundreds,3
recruitment,3
virtually,3
collaborative,3
emr,3
society,3
caroline,3
financing,3
80,3
cam,3
debuted,3
appropriate,3
shared,3
lease,3
feeder,3
cuts,3
simplifies,3
gradation,3
adjusted,3
adjusting,3
configured,3
abrasionresistant,3
stakeholders,3
felling,3
nonferrous,3
leaders,3
specialised,3
globally,3
pushing,3
centres,3
meaning,3
teletruks,3
filtration,3
desired,3
anything,3
code,3
pin,3
condition,3
partnering,3
marked,3
robustness,3
rolling,3
tracking,3
2500kg,3
digitally,3
map,3
coordinated,3
commission,3
accidents,3
performs,3
montabert,3
checks,3
riser,3
aims,3
7%,3
saves,3
arms,3
sides,3
supervisor,3
backup,3
shovels,3
scope,3
stripping,3
heated,3
backhoes,3
visits,3
8th,3
constraints,3
separator,3
10100mm,3
ferrous,3
ports,3
+100mm,3
50100mm,3
1050mm,3
spends,3
compromise,3
passionate,3
behaviors,3
kent,3
wacker,3
neuson,3
elevating,3
medway,3
watercourses,3
ergonomics,3
ethel,3
amongst,3
backdrop,3
superefficient,3
yesterday,3
21,3
exposition,3
sensitive,3
represent,3
33%,3
010mm,3
played,3
temporary,3
women,3
crowned,3
wiper,3
facing,3
arrangement,3
decreases,3
aggressive,3
fatigue,3
1993,3
chieftain,3
individually,3
belgium,3
spare,3
november,3
tickets,3
ticket,3
insights,3
faced,3
middle,3
civils,3
corporate,3
graham,3
thus,3
sister,3
transformation,3
d151aeg,3
indicators,3
coolant,3
aim,3
suffolk,3
promote,3
11,3
hosted,3
interval,3
easytouse,3
wherever,3
vims,3
hrn,3
maintenancefree,3
tooling,3
gen,3
mobility,3
sensing,3
kerbs,3
creep,3
paces,3
tolerance,3
loweffort,3
straightforward,3
surprise,3
6,3
drawings,3
stats,3
brilliant,3
compromising,3
survey,3
thumbwheel,3
putting,3
trenching,3
manually,3
hvac,3
drivers,3
troubleshooting,3
leaves,3
1st,3
enjoy,3
matched,3
e88,3
vegetation,3
e19,3
enhancements,3
munich,3
memorial,3
fingertip,3
preparation,3
mowers,3
cast,3
72,3
spider,3
pleasure,3
floating,3
detent,3
verification,3
paddle,3
airsuspended,3
axle,3
layer,3
ben,3
buses,3
opening,3
mesh,3
zenith,3
college,3
accommodate,3
3m,3
figure,3
highstrength,3
foundation,3
zx690lch7,3
focusing,3
reservoir,3
room,3
2d,3
conveyor,3
suite,3
belt,3
clearedge3d,3
guests,3
distributors,3
welcoming,3
insight,3
intervention,3
constructed,3
meant,3
century,3
uncertainty,3
choosing,3
remain,3
tunnels,3
yet,3
4th,3
send,3
leadership,3
owneroperator,3
coordinator,2
defects,2
child,2
caring,2
partnerships,2
donations,2
preseries,2
replaceable,2
rallycross,2
councils,2
ovens,2
hirer,2
andersson,2
grönholm,2
motorsport,2
properties,2
rosie,2
varied,2
derbyshire,2
harrison,2
inserts,2
reengineered,2
scourge,2
250,2
dundee,2
aberdeen,2
1200,2
london,2
southeast,2
actually,2
invaluable,2
britain,2
nineyear,2
advancements,2
futureready,2
qualifying,2
objectives,2
d10t2,2
attending,2
laying,2
paviours,2
quicker,2
kerb,2
pallet,2
careers,2
petrol,2
resilience,2
finliner,2
balcon,2
placement,2
backfilling,2
hogg,2
filled,2
ball,2
employers,2
ems,2
c27,2
smes,2
gains,2
multiplication,2
carruthers,2
parameters,2
portugal,2
tc,2
man,2
serial,2
involves,2
dependence,2
retrofit,2
academy,2
annually,2
objective,2
adaptations,2
seal,2
signal,2
indicative,2
seeking,2
],2
dx140lc7,2
circular,2
convenience,2
rightside,2
bau,2
ec220e,2
1320mm,2
repositioning,2
elsewhere,2
cnh,2
adequate,2
learned,2
rolled,2
cscs,2
thousands,2
adaptability,2
variants,2
emit,2
tailgate,2
asiapacific,2
exhibitors,2
informed,2
rehandling,2
saving,2
outsourcing,2
disturbance,2
ecomax,2
pursuit,2
viewed,2
movax,2
ecosystems,2
individuals,2
actual,2
paramount,2
branded,2
likenew,2
standardised,2
curl,2
manoeuvring,2
decade,2
neil,2
warrior,2
97kw,2
fixing,2
automating,2
shipped,2
integrating,2
integrates,2
overcut,2
dozing,2
delay,2
lineofsight,2
organisations,2
demolishing,2
lifts,2
gardens,2
racking,2
stall,2
indig,2
technique,2
kickout,2
likely,2
configurable,2
structural,2
exceeded,2
horizontal,2
hammers,2
largescale,2
overview,2
holes,2
renovating,2
sean,2
24/7,2
chance,2
birdhill,2
tabang,2
determine,2
boundaries,2
geofencing,2
overburden,2
route,2
dark,2
ratings,2
directives,2
stumps,2
hirers,2
welcomed,2
jubilee,2
fuelagnostic,2
handed,2
rathcoole,2
error,2
sweepers,2
centimetres,2
contributes,2
pilbara,2
predecessor,2
ancillary,2
e20z,2
twotonne,2
consumes,2
rsma,2
gave,2
situation,2
engineered,2
contribution,2
vicon,2
1990,2
plains,2
stokeontrent,2
laws,2
criteria,2
producers,2
zeroemissions,2
considerations,2
competitors,2
paul,2
quinn,2
unveil,2
upgrading,2
fede,2
scott,2
brought,2
drives,2
rops/fops,2
remembered,2
2016,2
numbered,2
updating,2
loadpilot,2
kpis,2
conducted,2
connects,2
20tonne,2
demonstrator,2
360,2
bcm,2
metres,2
reference,2
cubic,2
selector,2
instantaneous,2
keen,2
elgin,2
simon,2
trainer,2
310,2
western,2
conjunction,2
quote,2
rotar,2
lehnhoff,2
agreements,2
cements,2
breaker,2
expects,2
draw,2
decisions,2
levelled,2
warming,2
incorporated,2
seeks,2
thoroughly,2
scr,2
8.5tonne,2
1950s,2
dynaset,2
mb,2
mineral,2
remu,2
hoist,2
describes,2
ambitious,2
spanning,2
recordbreaking,2
originally,2
1978,2
grew,2
collection,2
consists,2
16t,2
gradients,2
workshops,2
digitalisation,2
efficiencies,2
finest,2
valued,2
instrumental,2
driverless,2
asi,2
81kw,2
delegate,2
advice,2
groups,2
2014,2
technician,2
apart,2
mcinroy,2
retirement,2
governing,2
steven,2
mulholland,2
roto,2
markings,2
hydradig,2
ahs,2
cuttingedge,2
encourages,2
emitted,2
retrofitting,2
contains,2
minimises,2
notice,2
polymer,2
engström,2
compressors,2
7bar,2
routing,2
bolted,2
litre,2
ehs,2
240v,2
silent,2
ormond,2
reject,2
indoors,2
reuse,2
morgan,2
portsmouth,2
moreover,2
50tonne,2
turbines,2
contamination,2
gauges,2
leveraging,2
neutral,2
abrasion,2
shocks,2
responsive,2
60%,2
effectiveness,2
gravity,2
emphasis,2
headed,2
province,2
avonmouth,2
shafts,2
diameter,2
widening,2
kept,2
counting,2
receiver,2
captured,2
momentum,2
lockup,2
sanho,2
highquality,2
shin,2
workhorse,2
slightly,2
trial,2
troisponts,2
schedule,2
longevity,2
cvp,2
revenue,2
bird,2
transparent,2
realised,2
wish,2
adjust,2
bea1,2
6.7,2
cnrs,2
la,2
cnr,2
storm,2
blades,2
oscillation,2
mt100,2
tipper,2
outlet,2
dynamic,2
10/10/20,2
predict,2
efence,2
exceed,2
vshaped,2
volume,2
drew,2
letter,2
opinion,2
usa,2
berkshire,2
holds,2
wasteexpo,2
never,2
tips,2
resolve,2
differentials,2
commissioned,2
exit,2
sv606b,2
wellrespected,2
3522e,2
3019e,2
2040,2
unlock,2
conveyance,2
£3,2
teletruk,2
guaranteeing,2
thorx,2
promising,2
changeover,2
toyota,2
adopted,2
midterm,2
inc,2
midi,2
proof,2
£50m,2
collaboratively,2
installations,2
dc3,2
placing,2
party,2
recession,2
wedge,2
xj,2
nations,2
thick,2
clamp,2
csn,2
private,2
multi6,2
succession,2
accelerated,2
poc,2
swiftly,2
essexbased,2
praised,2
greenshields,2
horticulture,2
b95w,2
worldleading,2
c30r3tv,2
ecofriendly,2
1900rpm,2
vio82,2
lowemission,2
trio,2
firstrate,2
december,2
zerotail,2
pressures,2
v7hw,2
bordline,2
cmr,2
ultraclass,2
retarder,2
steady,2
aid,2
progressive,2
walkways,2
minimum,2
vio276,2
rubble,2
equating,2
marking,2
picked,2
700,2
—,2
2700,2
dioxide,2
turbocharged,2
scientific,2
suneeta,2
winner,2
dab,2
canvey,2
status,2
hoppers,2
datatag,2
went,2
keeps,2
ceramic,2
dl7,2
comparisons,2
bearings,2
bestinclass,2
incorporate,2
transtomaco,2
interchangeable,2
avm,2
travelling,2
785,2
weed,2
legacy,2
identity,2
wouldbe,2
4cylinder,2
spares,2
dave,2
vickers,2
matching,2
65%,2
hospitals,2
summer,2
idb,2
emma,2
tasked,2
rivers,2
perkins,2
793,2
rebranding,2
swiss,2
2025,2
cullen,2
moray,2
islands,2
preassembly,2
electronics,2
upskill,2
16th,2
birthday,2
finished,2
arrived,2
upskilling,2
bag,2
dx490lc7,2
sat2,2
welding,2
relocate,2
image,2
manages,2
legroom,2
interaction,2
stiffens,2
softens,2
windshield,2
egress,2
a9,2
handrails,2
ecv,2
inception,2
supporters,2
clark,2
syndicat,2
mixte,2
ouvert,2
commence,2
coastal,2
manoeuvres,2
cable,2
swap,2
modularity,2
shock,2
moisture,2
encapsulated,2
empty,2
voltage,2
highcapacity,2
mouth,2
sourcing,2
nature,2
smith,2
ten,2
devised,2
tradein,2
gca5,2
chargers,2
afield,2
corrosion,2
2wheel,2
manoeuvrable,2
unloading,2
centred,2
rops,2
accept,2
agile,2
sees,2
arrives,2
twoway,2
managed,2
ecosystem,2
posidonia,2
expect,2
artisan,2
consignment,2
circle,2
factor,2
hired,2
withstanding,2
ceremony,2
theme,2
addressing,2
headline,2
sponsor,2
banks,2
requirement,2
naturally,2
45000,2
kits,2
students,2
6.7litre,2
10k,2
alliance,2
1.4mwh,2
terrestrial,2
workstation,2
commonality,2
davis,2
technological,2
attention,2
detail,2
creators,2
steelwrist,2
underwood,2
requested,2
unusual,2
implements,2
menu,2
sheer,2
flails,2
reed,2
circuits,2
20th,2
orleans,2
londonbased,2
rearvision,2
latter,2
livelink,2
cheadle,2
rocester,2
factories,2
startup,2
figures,2
pleasant,2
belts,2
manoeuvre,2
hike,2
mps,2
programmable,2
jog,2
dial,2
allwheel,2
corner,2
hmu,2
toolholder,2
belly,2
overhaul/service,2
fusion,2
cool,2
parallel,2
arduous,2
uturn,2
rack,2
seconds,2
twopart,2
workplace,2
pulverisers,2
unload,2
45%,2
segments,2
relatively,2
luminance,2
unable,2
overhauling,2
heater,2
apply,2
shortfall,2
greasing,2
bar,2
collecting,2
rentals,2
timescale,2
988k,2
shears,2
freedom,2
adrian,2
730,2
ruled,2
70%,2
industryleading,2
commitments,2
boxes,2
attract,2
['the,2
warning,2
expenditure,2
planer,2
k,2
spending,2
optimize,2
350,2
asbestos,2
release,2
hostile,2
ramps,2
specially,2
23%,2
adapted,2
managers,2
detect,2
48,2
restoration,2
southwest,2
ramp,2
performed,2
dockside,2
yorkshire,2
dates,2
4.8km/h,2
signing,2
reviews,2
geofence,2
sewers,2
harvesting,2
fieldproven,2
plots,2
loyal,2
25tonne,2
plays,2
prologis,2
2.9km/h,2
u,2
wilder,2
mainstay,2
implemented,2
specialists,2
eriksson,2
70,2
sells,2
e10e,2
pioneer,2
åsbro,2
restored,2
channels,2
magni,2
700th,2
transferred,2
interrupting,2
tackling,2
highdefinition,2
alarm,2
boasting,2
associated,2
strongest,2
reported,2
vessels,2
debuting,2
statistics,2
grease,2
seals,2
switched,2
adopter,2
hydromechanical,2
hamilton,2
decarbonising,2
anywhere,2
spanish,2
relocated,2
unplanned,2
ev,2
reversible,2
laser,2
organisers,2
matter,2
entrance,2
gathered,2
interested,2
colours,2
fellow,2
tarmac,2
registration,2
plugin,2
cooled,2
occurred,2
lefthand,2
mix,2
weighs,2
g208,2
army,2
northwest,2
reviewed,2
screener,2
checking,2
highlevel,2
undertaken,2
sos,2
heatrick,2
g206,2
served,2
55,2
selfdrive,2
groundwork,2
twelve,2
20mm,2
honeyman,2
rank,2
sub40mm,2
erection,2
indepth,2
mounting,2
edges,2
lane,2
myself,2
tyne,2
path,2
evaluation,2
tear,2
endorsement,2
matthew,2
considerable,2
drilling,2
surveyor,2
integrator,2
overcome,2
mayer,2
g306,2
pipeline,2
54,2
cvp28,2
pc45,2
harper,2
networking,2
countryside,2
runs,2
fastgrowing,2
onmachine,2
pc35,2
mid,2
scalable,2
interests,2
relations,2
cyprus,2
architecture,2
assurance,2
g308,2
24hour,2
braithwaite,2
pivotal,2
obviously,2
explores,2
nick,2
rm500b,2
flagship,2
tailormade,2
u.s,2
anglia,2
washing,2
practical,2
workflow,2
customizable,2
post,2
stockpiling,2
wraps,2
locked,2
926,2
jaus,2
6000,2
chose,2
neigum,2
occur,2
ends,2
owning,2
highlighted,2
accessing,2
consolidating,2
sidemounted,2
938,2
pneumatic,2
łukasz,2
xe,2
rearmounted,2
220x,2
americas,2
maneuvering,2
brazil,2
pandemic,2
adjusts,2
contestants,2
kicked,2
obstacles,2
amazing,2
stadium,2
competed,2
favourite,2
assured,2
nice,2
ferris,2
hystat,2
roomy,2
cleans,2
objects,2
sliding,2
incorporating,2
concentrated,2
specification,2
pelham,2
98%,2
1999,2
44.3kw,2
59.4hp,2
jeremy,2
26.5kgm/rpm,2
metering,2
familiarisation,2
welcomes,2
floortoceiling,2
converted,2
mokrzyński,2
97%,2
birdeye,2
selfcleaning,2
audible,2
navigate,2
bowser,2
breakthrough,2
strides,2
genuinely,2
wastage,2
bidirectional,2
float,2
ifpe,2
decarbonised,2
credit,2
1418,2
hs2,2
spray,2
kx,2
defence,2
impacts,2
5.9m,2
bobtach,2
korean,2
2008,2
brown,2
cooperation,2
bogie,2
glamox,2
lindset,2
roger,2
1987,2
maskin,2
rosendal,2
viking,2
displacement,2
heavier,2
6x6,2
t66,2
851951,2
hinge,2
depot,2
mile,2
strengthtostrength,2
visited,2
note,2
p5a,2
preservation,2
officials,2
remit,2
priorities,2
captures,2
laminated,2
departments,2
administration,2
roles,2
carries,2
brick,2
clamshell,2
highway,2
calls,2
sloping,2
regularly,2
recirculation,2
lakes,2
dikes,2
premier,2
e10z,2
comms,2
e27z,2
distances,2
heritage,2
recognition,2
doubled,2
selectable,2
foldable,2
timber,2
topoftherange,2
flat,2
pedals,2
parish,2
chulmleigh,2
undertake,2
t190,2
scraper,2
gang,2
halfway,2
equip,2
nzg,2
electricpowered,2
developers,2
breadth,2
midlands,2
shortterm,2
chepstow,2
stops,2
marketplace,2
recruiting,2
independently,2
graders,2
removable,2
bright,2
3.5inch,2
coupled,2
realworld,2
strive,2
programs,2
65,2
program,2
rests,2
bluetooth,2
usb,2
radio,2
farm,2
recovers,2
left/right,2
highlyresponsive,2
auctions,2
rearswing,2
trelleborg,2
concerns,2
inert,2
showcases,2
revised,2
christofides,2
solely,2
couplings,2
revenues,2
stated,2
unauthorised,2
hubs,2
restricted,2
200mm,2
forwardthinking,2
remarked,2
leave,2
custom,2
houses,2
1969,2
overhead,2
manufactures,2
players,2
athens,2
obtain,2
town,2
lasting,2
ethos,2
elevate,2
concepts,2
synchronised,2
86%,2
hardest,2
norfolk,2
powershift,2
gbss,2
concentrate,2
awd,2
gateshead,2
roster,2
hq,2
3000,2
antidrain,2
groom,2
1950,2
autolube,2
obrien,2
highefficiency,2
cores,2
giant,2
shaun,2
residual,2
blend,2
2004,2
charities,2
3rd,2
realise,2
oversize,2
participation,2
county,2
vegetable,2
factoryfill,2
kgc,2
hannover,2
sy18u,2
biomass,2
respite,2
siblings,2
appreciation,2
expressed,2
102kw,2
meanwhile,2
worthy,2
powertrains,2
executed,2
element,2
depths,2
130tonne,2
22,2
unwavering,2
saying,2
saved,2
cd,2
1.5,2
arise,2
hazards,2
everyone,2
mass,2
5year/3000hour,2
verify,2
belief,2
313,2
fulltime,2
highspec,2
2009,2
counties,2
comments,2
michael,2
lifted,2
lister,2
transmissions,2
scandinavia,2
black,2
celebration,2
differentiated,2
worry,2
pollution,2
oneofakind,2
gripper,2
measure,2
believes,2
master,2
duties,2
generating,2
capture,2
theyve,2
sick,2
trommel,2
muchneeded,2
throughput,2
5/tier,2
branding,2
retained,2
sponsored,2
suggested,2
employee,2
fullest,2
bristol,2
sun,2
mcleod,2
wrong,2
resale,2
1970s,2
herman,2
everexpanding,2
glesius,2
980mm,2
fr,2
workspaces,2
sitech,2
quiet,2
monthly,2
territory,2
48.5kw,2
toughness,2
varies,2
buildings,2
zx490lch6,2
sophisticated,2
bet,2
58hp,2
stations,2
osullivan,2
hires,2
armrests,2
moves,2
twinlift,2
assists,2
cseries,2
minimised,2
extras,2
65hp,2
turf,2
bricks,2
convinced,2
degree,2
supercompact,2
hidden,2
aberdeenshire,2
participating,2
tuesday,2
discovered,2
spectators,2
tolerances,2
25th,2
grounds,2
f4455,2
gaz,2
cloud,2
generated,2
nunley,2
tunnelling,2
topoftheline,2
alan,2
dredging,2
stages,2
ongrade,2
collections,2
callum,2
safeguards,2
danger,2
principles,2
motion,2
nevada,2
mc1,2
pdt,2
sponsors,2
approaching,2
night,2
confirms,2
ultimately,2
connections,2
bush,2
game,1
constantly,1
attained,1
26second,1
9.22,1
farmers,1
lack,1
populated,1
ccb1,1
onhand,1
eworker,1
48v,1
unprecedented,1
feeding,1
inefficient,1
indicates,1
spiralling,1
nonroad,1
costsaving,1
changer,1
remarkable,1
tech,1
rotators,1
paired,1
flammable,1
handful,1
lewis,1
worktool,1
3017,1
assessment,1
forwards,1
backwards,1
accolades,1
tideway,1
crossrail,1
dimension,1
woman,1
emissionlowering,1
strategies,1
chinese,1
['initial,1
43tonner,1
f,1
942f,1
forthcoming,1
longreach,1
sk210h,1
www.psro.org.uk,1
lays,1
durations,1
occupations,1
plantbased,1
extent,1
identifies,1
copper,1
extracts,1
publications,1
tellurium,1
1371,1
vibrate,1
clears,1
removing,1
industryled,1
boomer,1
onestep,1
scientifique,1
prizes,1
muck,1
800wide,1
banded,1
unladen,1
314hp,1
922g,1
floatation,1
600wide,1
4.5litre,1
912g,1
airconditioned,1
7tonne,1
s60,1
3.8litre,1
707g,1
shifter,1
oxfordshirebased,1
cleanup,1
highspecification,1
wellbeing,1
www.miuk.com,1
gaseous,1
impco,1
linkedin,1
volkswagen,1
everstricter,1
subjects,1
retrofitting;,1
gasses,1
1219,1
assignments,1
driveline,1
e10,1
boltec,1
e20,1
st18,1
blocks,1
scooptram,1
mt42,1
minetruck,1
£9.6m,1
sek130m,1
booked,1
leaks,1
laterally,1
burned,1
1964,1
reality,1
desire,1
longheld,1
innovator,1
establishes,1
nextlevel,1
hook,1
innovationdriven,1
hitch;,1
experience;,1
direction;,1
declared,1
traveling,1
fuelsaving,1
voice,1
groundline,1
routed,1
l50,1
ambition,1
densities,1
connector,1
population,1
urbanisation,1
500hour,1
35%,1
guesswork,1
industryfirst,1
detects,1
downward,1
dx1000lc7,1
shiftlong,1
80tonne,1
lugging,1
39%,1
5/us,1
100tonne,1
3516e,1
79.5,1
equates,1
onepass,1
115%,1
2506j,1
402kw,1
speedsensing,1
[mini,1
fixture,1
entity,1
evolving,1
timing,1
isles,1
youngest,1
headlines,1
eldest,1
coincided,1
hourly,1
weld,1
gotomarket,1
547hp,1
usages,1
excessive,1
unracking,1
properly,1
tanks,1
bitter,1
aspects,1
incorrect,1
measured,1
instructional,1
coaching,1
comprised,1
interactive,1
premature,1
discouraging,1
impeller,1
productivityboosting,1
passmatch,1
taller,1
ecr25,1
45degree,1
drop,1
opencast,1
ewart,1
acorn,1
shelf,1
zinc,1
fco,1
renström,1
rävliden,1
4/eu,1
online'],1
7.1kg,1
broke,1
rh200,1
discusses,1
pat,1
auctioneer,1
ritchie,1
records,1
delson,1
ducks,1
ew240e,1
news,1
ecooperatorbased,1
overarching,1
ecooperating,1
psro,1
representative,1
electricdrive,1
lpe,1
odriscoll,1
ecr18,1
investigaciones,1
ec18,1
l20,1
avoids,1
l25,1
ec55,1
stairs,1
64%,1
extraction,1
23rd,1
270degree,1
upgradable,1
26th,1
sweep,1
consejo,1
kingsheath,1
vibrocentric,1
kankberg,1
calendar,1
enjoyable,1
morinat,1
mansen,1
highmobility,1
powerbully,1
adhere,1
doosans,1
14t,1
batch,1
kentbased,1
q1,1
5222b,1
q2,1
environmentallyfriendly,1
%,1
962m,1
325,1
320s,1
313s,1
twowheel,1
275000,1
hrs,1
operatorinduced,1
zx135us3,1
grandfather,1
zx300lch6,1
1982,1
uhseries,1
equally,1
1953,1
frans,1
exclusively,1
fees,1
15m,1
licence,1
schelle,1
30hectare,1
berlaarbased,1
aiding,1
haulers,1
twoaxle,1
citing,1
twin,1
938m,1
8000,1
steve,1
produced!,1
reinforcing,1
zaxis6,1
excavated,1
40,1
harks,1
origins,1
era,1
da40,1
collectively,1
terrains,1
6wheel,1
freeswinging,1
41,1
mt41,1
harman,1
øveraasen,1
mt40,1
7235,1
6225b,1
d15,1
motif,1
7000hour,1
fiveyear,1
2005,1
harsh,1
sent,1
benchmarking,1
pilgrim,1
antenna,1
r780,1
sps986,1
rocks,1
peterboroughbased,1
2.6tone,1
shortly,1
professional,1
ellis,1
scenario,1
www.rtcplant.com,1
arbor,1
prefer,1
thereby,1
landfills,1
airports,1
dams,1
rdt,1
lps,1
woodchipper,1
secondhand,1
machinetomachine,1
lodge,1
workflows,1
3in1,1
ln150,1
instrument,1
robotic,1
prism,1
murray,1
5.3tonne,1
16.8,1
talkedabout,1
sitelink3d,1
essentially,1
highprecision,1
garcia,1
entrypoint,1
simpletoinstall,1
entrylevel,1
infield,1
adapting,1
ties,1
affordable,1
tailor,1
receivers,1
imus,1
compensation,1
propoint,1
sitechdistribution,1
lay,1
civilians,1
duxford,1
endurance,1
teambuilding,1
representatives,1
japanese,1
worksmanager,1
bringyourowndevice,1
cellular/ip,1
vrs,1
correction,1
rtx,1
centerpoint,1
lowlying,1
prone,1
flooding,1
fraud,1
3.5mdx,1
worlds,1
mbr71,1
tlb890,1
ax1000,1
9mwr,1
crawlerskid,1
8mcr,1
timed,1
@diggingwithdave2023,1
aluminium,1
retractable,1
16.5m3,1
16m3,1
royse,1
1.8t/m3,1
6th,1
trainees,1
130,1
judging,1
180tonne,1
allied,1
bedb,1
swapped,1
knowledgeable,1
limiters,1
hookups,1
genquip,1
ta,1
firsttomarket,1
nexus,1
consiglio,1
exercise,1
wallingford,1
signage,1
cites,1
ultracompact,1
hydrema,1
preorders,1
nazionale,1
stylish,1
1380rpm,1
380nm,1
74hp,1
9tonne,1
delle,1
rentaltough,1
unrestricted,1
ricerche,1
trucking,1
revolving,1
'gamechanging',1
culmination,1
recherche,1
institutions,1
tricky,1
thinking,1
6mdx,1
transforming,1
heavily,1
groundhog,1
£75,1
canals,1
compliment,1
seek,1
brash,1
swindon,1
rotational,1
activates,1
teeth,1
gripping,1
cuttings,1
300mm,1
arborist,1
jointed,1
exacone,1
conversations,1
omnihitch,1
24.7kwh,1
6.5tonne,1
mortimore,1
5560%,1
capex,1
ding,1
ep8420,1
acknowledge,1
dismantler,1
decreased,1
defences,1
twothirds,1
implementation,1
legal,1
60000,1
offboard,1
kelleher,1
bradshaw,1
discount,1
delegates,1
entitle,1
flyer,1
vat,1
leaflet,1
sqa,1
prolectric,1
nocn,1
plant/liugong,1
tobin,1
mhm,1
capja,1
grinding,1
80db,1
minor,1
elected,1
desilting,1
align,1
ordinary,1
oversight,1
councillors,1
landowners,1
catchments,1
geographical,1
districts,1
statutory,1
ew65,1
exam,1
2compliant,1
exemplar,1
327hp,1
overspeed,1
inhibitor,1
welds;,1
ride;,1
absorb,1
wishbone,1
strut,1
macpherson,1
machine;,1
stresses,1
rocksolid,1
balanced,1
roll/falloverprotective,1
structurecertified,1
leftpositioned,1
declines,1
workplaces,1
komatsudeveloped,1
eleven,1
failsafe,1
accelerator,1
modulating,1
limit,1
passing,1
slows,1
retardation,1
bluetoothenabled,1
effortless,1
ergonomically,1
commonsized,1
speedup,1
comfortably,1
spool,1
heater/defroster,1
500gal/min,1
1900l/min,1
computerised,1
bitumen,1
adjustableheight,1
fourpost,1
pane,1
augment,1
l/min,1
bits,1
275bar,1
efficiency/performance,1
dispatching,1
engaged,1
builtin,1
pendant,1
inspect,1
fore,1
centrally,1
checkpoints,1
12000,1
sampling,1
guidelines,1
aft,1
1666,1
km/h,1
chopper,1
birdseye,1
longlasting,1
60000hour,1
ultramini,1
dgeneration,1
targeting,1
sources,1
modes;,1
enginedriven,1
725mm,1
985mm,1
doorway,1
renovation,1
680mm,1
840mm,1
retracts,1
mighty,1
1035kg,1
watson,1
sv081c,1
brother,1
little,1
accompanying,1
vipps,1
2770kg,1
15.8kw,1
2500rpm,1
39.3kw,1
9500kg,1
9100,1
heaped,1
spinturn,1
safetyenhancing,1
55tonne,1
simulation,1
compacting,1
tonnage,1
cp11,1
cs11,1
cs10,1
suffix,1
descriptor,1
competes,1
derived,1
egeneration,1
weightbased,1
correlate,1
1519,1
wet/soft,1
excels,1
36m3,1
nomenclature,1
broadest,1
recommendations,1
speedy,1
caretrack,1
shutdown,1
engineidle,1
default,1
adapts,1
steepest,1
90tonne,1
r100e,1
carryback,1
850l/min,1
additive,1
customizes,1
horizon,1
modification,1
instant,1
20in,1
508mm,1
2438mm,1
tensioning,1
drag,1
homogeneous,1
sizing,1
alloys,1
actuated,1
slippage,1
reclaimer/stabilisers,1
usual,1
informs,1
electrify,1
excelled,1
stresstested,1
passenger,1
dctodc,1
megawattscale,1
alberto,1
ortega,1
presents,1
exterior,1
trains,1
formally,1
articulation/oscillation,1
easytoread,1
96in,1
sneak,1
ecm,1
highload,1
workload,1
aba,1
dualtilt,1
tomorrow,1
multicolour,1
retarding,1
stic,1
longest,1
wall,1
3.1m,1
electronically,1
fronttorear,1
fulfilling,1
sixrib,1
exchangers,1
periodically,1
returntocut,1
dualtaper,1
fastenerfree,1
flushcutting,1
beltdriven,1
adopt,1
42%,1
17%,1
crossslope,1
legs,1
hightensile,1
peek,1
viable,1
rm400,1
molten,1
10step,1
opening/closing,1
airflow,1
steelworks,1
werent,1
impacted,1
slag,1
reductions,1
practices,1
repression,1
sleeves,1
retardant,1
blast,1
771d,1
autoshift,1
jarzyna,1
refurbished,1
336,1
745,1
980m,1
972,1
sufficient,1
pillar,1
maximize,1
225gal/min,1
sidetoside,1
matches,1
handwheel,1
rises,1
resets,1
krunal,1
regenerative,1
franchise,1
mwh,1
surrey,1
sussex,1
keller,1
edgar,1
singular,1
powerplants,1
megawatthours,1
desai,1
2.6,1
proofofconcept,1
descending,1
ascending,1
puts,1
inherent,1
lends,1
10.1ft,1
zooms,1
stabilization,1
scunthorpe,1
forged,1
cellular,1
3.0,1
tms,1
fuses,1
fuse,1
cleverly,1
1390mm,1
redcladded,1
fourcylinder,1
conductivity,1
acceptance,1
cote,1
currentgeneration,1
simulations,1
amphour,1
runtime,1
chemistry,1
volatile,1
banquette,1
highercapacity,1
swaps,1
ruggedness,1
z50,1
z40,1
beck,1
retrofittable,1
iec,1
un,1
ul,1
overheating,1
potting,1
revamped,1
nonconductive,1
degradation,1
terminals,1
laserwelded,1
foce,1
rigidity,1
evolution,1
apulia,1
plumbing,1
percentage,1
preloved,1
rovigliano,1
campania,1
sarno,1
commercially,1
carini,1
television,1
decide,1
consign,1
cientificas,1
commit,1
valuation,1
inspecting,1
sellers,1
varano,1
buyers,1
csic,1
tradeins,1
dependent,1
risky,1
boils,1
reflection,1
150%,1
commencing,1
sicily,1
th550b,1
lh518b,1
dazur,1
campagna,1
accordingly,1
£505,1
hautrhin,1
ultra,1
decopower+,1
bryant,1
robin,1
multimodal,1
alsace,1
machining,1
professions,1
£150m,1
47ha,1
300,1
borders,1
chains,1
colmar/neufbrisach,1
rfid,1
rhine,1
specialpurpose,1
vicinity,1
competitiveness,1
currie,1
powerslide,1
shortage,1
novices,1
hoped,1
dad,1
formal,1
dc9,1
240kw,1
highfrequency,1
transponder,1
casting,1
bleed,1
smyth,1
receiving,1
600000,1
bad,1
symbolic,1
steeper,1
600000th,1
goodie,1
candidates,1
257kw,1
doubt,1
familiarity,1
349.5hp,1
vbo,1
zkinematics,1
chloe,1
tapp,1
cesar!,1
mandated,1
13%,1
283,1
kw,1
385hp,1
transponders,1
uhf,1
howells,1
confirmation,1
5.7m³,1
booming,1
2028,1
standoutperformance,1
webbased,1
1550mm,1
2740kg,1
landscapingready,1
1900kg,1
unparallel,1
wouldnt,1
bfb10,1
glimpse,1
'premium,1
carpet,1
welds,1
5g,1
cvp40,1
9x,1
sv15vt,1
defrosting,1
thorney,1
spaciousness,1
pe3c,1
prefilter,1
parent,1
fluidity,1
takeoff,1
pto,1
facilitated,1
621g,1
1070mm,1
uniform,1
ultratough,1
1685kg,1
improvement,1
mogg,1
8200kg,1
4tnv86ctpbv,1
tnv,1
28.3kw,1
5505kg,1
vio576b,1
touches,1
1970mm,1
5685kg,1
endoflife,1
sideloading,1
8hour,1
intensity,1
giles,1
extendable,1
gunn,1
aircraft,1
2220kg,1
plastics,1
recycles,1
landed,1
conducting,1
recharging,1
refuelled,1
3500kg,1
3000kg,1
5655,1
sv26,1
tv370b,1
applies,1
speaks,1
thrive,1
valid,1
decoding,1
laid,1
refilling,1
unsung,1
def,1
washed,1
analysed,1
toys,1
14.6tonne,1
heroes,1
indeed,1
manipulating,1
entirety,1
lessons,1
maximisation,1
optimisation,1
summarise,1
boon,1
seagrass,1
oceanica,1
respect,1
preventative,1
branches,1
documentary,1
natura,1
che,1
parla,1
barry,1
bullo,1
logic,1
86kw,1
oneway,1
wireless,1
factoryinstalled,1
species,1
1way,1
epos,1
tarragona,1
e,1
simultaneously,1
p,1
p+,1
barcelona,1
115hp,1
d34,1
federico,1
1285.5mm,1
collect,1
flattened,1
conscious,1
educating,1
shops,1
machines',1
renting,1
assisting,1
younger,1
rating,1
appealing,1
fostering,1
midsize,1
hutyan,1
ctl,1
scissor,1
tws,1
2.07,1
succeed,1
lie,1
jepson,1
profit,1
c9.3b,1
b20,1
25kw,1
unauthorized,1
inhibits,1
estimate,1
envelopes,1
defined,1
exfactory,1
fuelefficient,1
biodiesel,1
smartboom,1
freely,1
18m,1
sacrificing,1
finetune,1
maximizes,1
ivan,1
employers!,1
wraparound,1
2.6tonne,1
miniexcavators;,1
e17,1
hiratsuka,1
fenders,1
860.5,1
jd,1
wirral,1
['new,1
glazewing,1
stockton,1
norfolkbased,1
lh40,1
telecoms,1
swe60uf,1
chinesemade,1
clack,1
sy390h,1
hw,1
shores,1
824l,1
yen,1
deere,1
16tonne,1
150acr,1
159l/min,1
zeroturn,1
tempered,1
supplemented,1
interfit,1
cultor,1
maximo,1
mitas,1
consolidate,1
28000,1
lownoise,1
ic,1
internalcombustion,1
08b,1
hengli,1
90kw/2200rpm,1
twopiece,1
standout,1
asynchronous,1
3phase,1
1110mm,1
60uf,1
25uf,1
2.5tonne,1
fuchs,1
shorttail,1
aside,1
18uf,1
micro,1
35uf,1
iq telematics,1
opens,1
beta,1
protecting,1
empowers,1
laptops,1
devices,1
anytime,1
90uf,1
emergency,1
antitilt,1
16je,1
spans,1
israel,1
supplement,1
cohort,1
29kg,1
t40.180slp,1
rammers,1
37,1
altogether,1
companys,1
25hp,1
erp,1
t36.120sl,1
t590,1
anderson,1
dealercmd,1
angela,1
roberts,1
sk08sr1e,1
gaining,1
smartcmd,1
consist,1
guarantee,1
s450,1
minute,1
eemphasys,1
dating,1
sjc,1
ipad,1
iphone,1
n.v,1
hydrotreated,1
subjected,1
suffer,1
wrexhambased,1
nobody,1
6.45m,1
1.94m,1
configure,1
start/stop,1
compost,1
behemoth,1
subsequent,1
5mm,1
genius,1
tilts,1
tremendous,1
ponds,1
similarly,1
hear,1
2100,1
38,1
irrespective,1
draper,1
lonergan,1
userfriendliness,1
drains,1
predictive,1
ukbased,1
sk1300lc10e,1
grabbing,1
8m,1
execution,1
doubledecker,1
subframe,1
0,1
44m,1
aligned,1
kilroy,1
kitted,1
highimpact,1
phone,1
asbuilt,1
lug,1
twists,1
rotations,1
translated,1
precautions,1
scenarios,1
rectified,1
inaccuracies,1
compare,1
c4.4,1
fabrication,1
compares,1
measurements,1
fabricated,1
timeconsuming,1
fabricating,1
timely,1
137hp,1
wholly,1
conveyors,1
stockpile,1
5.3m,1
180degree,1
roughly,1
outfall,1
ta9,1
forecasting,1
138l/min,1
edc,1
87l/min,1
2600rpm,1
105hp,1
78kw,1
wellproven,1
fleetcmd,1
3175kg,1
1780kg,1
5087kg,1
3.3m,1
75hp,1
penrhyn,1
premieres,1
dumpers/carriers,1
pairing,1
ta1,1
shropshire,1
denbighshire,1
flintshire,1
chester,1
wrexham,1
norwest,1
onetonne,1
merseyside,1
swivelskip,1
ta3sh,1
3.4l,1
wirtgen,1
capped,1
d,1
seabed,1
wellestablished,1
undergrowth,1
60year,1
600,1
reactors,1
epr,1
lowcarbon,1
hinkley,1
impactresistant,1
video,1
gathering,1
likeforlike,1
towed,1
simulators,1
d475a8,1
nap,1
cockrem,1
pete,1
ra30,1
rokbak,1
runner,1
newform,1
ed160,1
akela,1
excavatorbased,1
jx258,1
bsptex,1
swa,1
swtl4538,1
skidsteers,1
cmc2,1
cooking,1
paraffinic,1
birtley,1
büscher,1
oils,1
ppe,1
sy18c,1
diminutive,1
threeday,1
sy215c,1
21tonne,1
sy155w,1
1.6t,1
premiering,1
reliance,1
debuts,1
kawasaki,1
14.5/18,1
2.3/3m³,1
sw405,1
sw305,1
jointly,1
safeguard,1
incabin,1
collectors,1
modify,1
gifts,1
foyers,1
dioramas,1
animal,1
fats,1
wastes,1
mother,1
donate,1
charitywrapped,1
hooks,1
gamechanging,1
hexagon,1
100a,1
68,1
oqc90,1
chip,1
stay,1
causes,1
triedandtested,1
overwhelmed,1
contributions,1
limiting,1
stating,1
gratitude,1
dh11,1
biennial,1
sy135c,1
cetane,1
ingo,1
composition,1
chemical,1
=,1
aromatics,1
oxygen,1
dropin,1
lucinda,1
hobby,1
painted,1
haven't,1
316,1
interrupted,1
carriageways,1
d6,1
powerlines,1
cables,1
breach,1
tracks,1
kill,1
trigger,1
northeast,1
320,1
8wheeler,1
deliveries,1
fills,1
78,1
accepted,1
readily,1
saltwater,1
weather,1
ullapool,1
recruited,1
windfarm,1
flatbed,1
14m,1
nonoperated,1
morrison,1
caithnessbased,1
18.5,1
roadworks,1
plinths,1
spacing,1
printing,1
handbuilt,1
obtaining,1
begins,1
permission,1
reasonable,1
signwriting,1
presentations,1
topnotch,1
center,1
fullglass,1
roomier,1
clogging,1
fin,1
upload,1
transporting,1
convention,1
ae1,1
morial,1
ernest,1
2512,1
louisiana,1
away!,1
www.gemmodels.co.uk,1
accessories,1
evans,1
mcp80,1
pedestrians,1
reminder,1
dh12,1
accommodation,1
boats,1
smoothly,1
brackets,1
cw,1
english,1
notifications,1
begin,1
uptime;,1
exhibitions,1
intend,1
posted,1
glory,1
restoring,1
p60.10xs,1
shackles,1
270,1
hefty,1
evidenced,1
merchant,1
grain,1
60.10xs,1
dangerous,1
sprinkler,1
30km,1
örebro,1
hallsberg,1
anders,1
editor,1
engconequipped,1
constricting,1
submerged,1
magazine,1
pursuing,1
cmc1,1
500m2,1
chapter,1
rc30,1
1340kg,1
rc20,1
decibel,1
neighbourhoods,1
groupe,1
purposely,1
pinon,1
ed6,1
disruption,1
rainwater,1
grabber,1
rooftop,1
environmentallyadvanced,1
2340kg,1
stype,1
boundary,1
narrower,1
easytosetup,1
tracker,1
subscribed,1
break,1
picks,1
burning,1
drums,1
tb295w,1
['includes,1
dealing,1
relocation,1
840,1
59000sq,1
vilvoorde,1
10000sq,1
dutycycles,1
kartik,1
severe,1
garg,1
deepak,1
proposition,1
fastdeveloping,1
ramanan,1
81000sq,1
perspective,1
32499mwh,1
supplemental,1
ec140,1
logo,1
vinylwrapped,1
oneoff,1
golf,1
rides,1
bike,1
walks,1
organised,1
involvement,1
illnesses,1
lifelimiting,1
yearly,1
organization,1
gustafsson,1
explain,1
establishments,1
fredrik,1
municipalityowned,1
actively,1
playing,1
progressing,1
science,1
sbti,1
foam,1
hightech,1
3323,1
downloaded,1
intent,1
scanned,1
estimated,1
qr,1
play/apple,1
google,1
alternatively,1
$100,1
logging,1
my.bobcat.com,1
analytics,1
capabilities;,1
curfew,1
misuse,1
96ton,1
geographic,1
ssab,1
'hardox,1
body',1
signify,1
incentive,1
invests,1
£27,1
researchintensive,1
obr,1
deduction,1
saluted,1
disastrous,1
minibudget,1
turmoil,1
hoping,1
superdeduction,1
successor,1
treasury,1
clarification,1
tangible,1
chronic,1
bullet,1
enterprise,1
over50s,1
camps,1
boot,1
£4,1
allocated,1
everywhere,1
expensing,1
policy,1
£9,1
imposed,1
eligible,1
£600,1
5p,1
wellmaintained,1
eddy,1
contaminants,1
twoday,1
19th,1
85mm,1
sk30sr6e,1
bore,1
32kn,1
27.8,1
70mm,1
19kw,1
sk35sr6e,1
buckets/attachments,1
compactors/rollers,1
opposition,1
www.euroauctions.com,1
catalogue,1
bidding,1
betts,1
bidder,1
perthshire,1
trail,1
recommendation,1
sda,1
attempted,1
kwarteng,1
kwasi,1
tory,1
profession,1
kudos,1
title,1
handled,1
brinell,1
hb500,1
weldon,1
internally,1
singleball,1
clamping,1
oversized,1
shelves,1
perforated,1
240l,1
160l,1
slim,1
360degrees,1
happening,1
tvs,1
boce,1
trs6,1
14.5kn,1
tiltrotate,1
cvp16,1
relaunches,1
cvp55,1
ar450,1
torques,1
bending,1
infiltration,1
18.4kn,1
jumper,1
proposals,1
qualify,1
earned,1
£80,1
machinecontrol,1
score,1
penalties,1
rewarded,1
executing,1
scores,1
315,1
precisely,1
420,1
announcers,1
dream,1
responded,1
clusters,1
catalyses,1
allowance,1
institutes,1
university,1
imaginative,1
identify,1
interventions,1
wharfs,1
surprises,1
canary,1
labelled,1
healthy,1
claimed,1
leaked,1
statement,1
recovering,1
outcome,1
mixture,1
brooks,1
g,1
readingbased,1
2.3m,1
2300kg,1
t235h,1
c501h,1
c251h,1
139000,1
driscoll,1
o,1
r924,1
ultralow,1
devonbased,1
pioneered,1
mckiver,1
pc210i10,1
chalk,1
gartell,1
refurbishment,1
pilecropping,1
motocut,1
backhoeloaders,1
200t,1
king,1
ivor,1
ainscoughs,1
stocktonontees,1
darragh,1
separation,1
systems',1
lokotrack,1
ideas,1
rounding,1
shearer,1
fareham,1
payne,1
24,1
fractions,1
3150l,1
dr601ahg,1
230v,1
sidetipping,1
900l,1
1500kg,1
exhibited,1
corp,1
percentages,1
moner,1
ignasi,1
anticipated,1
forecasts,1
surpassed,1
hectic,1
3000sq,1
2130l/3500kg,1
d350ahg,1
purity,1
combi,1
conveyed,1
diverting,1
examined,1
dublin,1
ci,1
ccs2,1
9hour,1
rutland,1
wellequipped,1
eminent,1
barton,1
earls,1
consumables,1
lambourne,1
buckinghamshire,1
360v,1
gamechanger,1
parks,1
hotel,1
dc,1
listening,1
2.5hour,1
design',1
'performance,1
piping,1
+100m,1
exhire,1
dispose,1
instructed,1
retire,1
ensured,1
call,1
paper,1
lambourn,1
toward,1
dab+,1
bouvié,1
julian,1
benn,1
lockstep,1
reachout,1
estate,1
bkt,1
lichfield,1
148scale,1
stunning,1
6060,1
examples,1
concludes,1
separates,1
flipflow,1
separators,1
fm/am,1
elverding,1
wesley,1
accessibility,1
winter,1
darker,1
oilflow,1
hfa,1
reclining,1
fatiguefree,1
wrist,1
telephone,1
handsfree,1
aux,1
careful,1
accumulator,1
piston,1
hugely,1
demolitionspec,1
sorts,1
reused,1
recovered,1
proportion,1
sy265c,1
sy500h,1
7.5,1
uptodate,1
fairs,1
jcbs,1
bersellini,1
marco,1
pleasing,1
sy305c,1
housebuilders,1
£87.5,1
underlining,1
resurgence,1
iconic,1
bumper,1
nationally,1
perthbased,1
walkbehind,1
wrc,1
js20mh,1
allencompassing,1
5.7tonne,1
sy215cxd,1
24tonne,1
dl807,1
yearlong,1
trailer,1
investigated,1
complicated,1
differently,1
masterfully,1
fall,1
32,1
77,1
organized,1
featured,1
prequalification,1
dozen,1
born,1
crown,1
ram,1
champion',1
'world,1
critically,1
rare,1
fastrac,1
modified,1
mercedes,1
sy390hxd,1
5year/5000hour,1
federation,1
nfdc,1
whatever,1
impaction,1
dx55r7,1
189hp,1
steered,1
windshields,1
cushion,1
dampening,1
recalls,1
jogdial,1
column,1
securely,1
shuts,1
greased,1
shutoff,1
groundlevel,1
1800lumen,1
p8b,1
en356,1
1000operatinghour,1
beb2,1
[one,1
basalt,1
art,1
granite,1
limestone,1
symbol,1
welders,1
boring,1
cranage,1
state,1
steelmaker,1
16950sq,1
sticker,1
unexpected,1
beb1,1
141kw,1
let,1
watercooled,1
dl06v,1
stabilizers,1
mg22,1
15.6tonne,1
dx140lcr7,1
dl80tl7,1
dx100w7,1
dx27z7,1
6.6tonne,1
dx225lc7,1
23tonne,1
wrapped,1
manufacturertrained,1
6.7tonne,1
zx210lc7s,1
zx130lcn7s,1
finedonbased,1
california,1
vitally,1
site!,1
bromley,1
kx0804a2,1
dedication,1
fleming,1
m25,1
predominately,1
washington,1
redesign,1
53,1
hardmounted,1
arnold,1
evaluate,1
roadmap,1
league,1
resembling,1
conceptual,1
playbyplay,1
bigscreen,1
foothills,1
value;,1
turnaround,1
automatics,1
176%,1
https//soldierscharity.org/yomp,1
fueling,1
technologically,1
dover,1
grouse,1
famous,1
injured,1
wheelchair,1
£4m,1
65000,1
21/22,1
lifetime,1
resonates,1
lifetimes,1
20000,1
whichever,1
perceptions,1
concepted,1
exclusions,1
geometry,1
leakage,1
rules,1
sagaser,1
broader,1
utilizes,1
inventor,1
outperform,1
balances,1
characteristics,1
actuators,1
screw,1
60.5kwh,1
joel,1
liftarm,1
evolve—with,1
unveiling,1
stepped,1
50s,1
£20bn,1
reinvent,1
noiserestricted,1
radialpath,1
worksite,1
verticalpath,1
kinematics,1
humans,1
idea,1
accomplish,1
inframe,1
reconditioning,1
recharge,1
soldier,1
allen,1
were!,1
facetoface,1
awayday,1
knowing,1
backgrounds,1
captain,1
artillery,1
rose,1
afghanistan,1
iraq,1
falklands,1
28year,1
end;,1
sizable,1
turbocharger,1
consisted,1
rebearing/reseal;,1
machines;,1
legislation,1
4i,1
iiib,1
interestingly,1
microscope,1
ammonia,1
efuels,1
unturned,1
examines,1
military,1
mccann,1
lowrate,1
630,1
reassurance,1
occurs,1
years/,1
nothing,1
warranties,1
dyno,1
ghg,1
remanufacturing,1
expertly,1
90th,1
1944,1
daring,1
embodying,1
routinely,1
discuss,1
consisting,1
60s,1
20s,1
crosssection,1
canada,1
£500000,1
duxfordbased,1
sunday,1
blairgowrie,1
saturday,1
6am,1
mountains,1
cairngorm,1
preset,1
0%,1
overfill,1
unsure,1
twohand,1
disclosure,1
recessed,1
nlc,1
wins,1
pursuant,1
reseller,1
£6,1
nonauthorised,1
powertilt,1
sg50p,1
leeds,1
abuse,1
hydromechanically,1
timetested,1
equipping,1
negating,1
linear,1
confidently,1
flows,1
cranked,1
tine,1
firmly,1
67%,1
substantially,1
employ,1
shortening,1
frequency,1
oh,1
threw,1
ditching,1
exemption,1
19ce,1
basements,1
procurement,1
centralizing,1
transitions,1
lived,1
110,1
innercity,1
urgent,1
noisesensitive,1
batterytechnology,1
levens,1
developer,1
skipton,1
50800v,1
alerted,1
101000kwh,1
cheer,1
speed;,1
5%,1
freewheeling,1
excess,1
axes,1
dieseko,1
obligation,1
locking,1
16000,1
messaging,1
piletec,1
frenchspeaking,1
chevrons,1
16m,1
profiling,1
subsector,1
40ft,1
advocated,1
costefficient,1
generally,1
wagons,1
allrounder,1
vandalism,1
dl06,1
sixcylinder,1
['first,1
192kw,1
lr636,1
munchers,1
crj,1
brownfield,1
dyke,1
sg50v,1
deciding,1
approached,1
felt,1
renewed,1
grouting,1
brief,1
muckshifting,1
abatement,1
item,1
dismantled,1
highreach,1
roundup,1
transaction,1
surge,1
feels,1
today!,1
bushes,1
f9127,1
2023.'],1
regarding,1
mistaken,1
nobrainer,1
trajectory,1
6.81m,1
sizeable,1
epic,1
currents,1
grunt,1
lasted,1
wave,1
caused,1
practicality,1
dextrous,1
undertook,1
decals,1
conservation,1
ipc,1
saxony,1
thought,1
nlwkn,1
chevron,1
valet,1
epowertrains,1
congested,1
scooped,1
stripes,1
stoneware,1
delaney,1
stateofpower,1
stateofhealth,1
gilbert,1
sideshift,1
mill,1
imperfections,1
resurfacing,1
deteriorated,1
ct,1
pavement,1
newtownards,1
350mm,1
busmounted,1
120mm,1
complimentary,1
feats,1
rotates,1
honour,1
prize,1
macrobert,1
trophy,1
dewar,1
2012,1
pc404,1
450mmcutting,1
150mm,1
recorder,1
greenest,1
92%,1
25year,1
pty,1
flow;,1
litresperminute,1
african,1
1500rpm,1
slower,1
pickandplace,1
twenty,1
diversified,1
porcelain,1
xseries,1
ceramics,1
skid,1
towns,1
garners,1
valencia,1
exporting,1
£4million,1
dan,1
leaney,1
benchmark,1
bills,1
safest,1
understands,1
exports,1
steers,1
significance,1
flooring,1
club,1
scanner,1
honours,1
establishing,1
iec62619,1
mozambique,1
angola,1
sil2,1
centrocar,1
r1003,1
cylindrical,1
mop,1
sumag,1
noting,1
770,1
armrest,1
collects,1
emcv,1
chorley,1
lumbar,1
xxl,1
actimo,1
protocols,1
estimations,1
stateofcharge,1
soc,1
doubleaward,1
volumeproduced,1
r10,1
turnkey,1
s84014,1
mostly,1
un38.3,1
packing,1
mount,1
mounts,1
grammer,1
2400vpm,1
jump,1
widths,1
304.8mm,1
660.4mm,1
0.19m2,1
harrier,1
0.53m2,1
pegasus,1
frequencies,1
33.3,1
40hz,1
ditch,1
liked,1
isolate,1
geartype,1
cutouts,1
earmarked,1
finances,1
bolt,1
specialized,1
backfill,1
belfast,1
meg,1
rollsroyce,1
automobile,1
b.v,1
industryleader,1
branched,1
backer,1
affords,1
funded,1
bodywork,1
rising,1
refueller,1
fergus,1
repeatable,1
530hp,1
curriculum,1
roadway,1
iso10567,1
happen,1
prosperity,1
widened,1
hole,1
£9500,1
jesse,1
crop,1
ncc,1
defect,1
5000m3,1
250m2,1
charts,1
secretaries,1
campbell,1
prepare,1
40km/h,1
educate,1
wishing,1
repaired,1
personally,1
c20,1
installer,1
www.kubotagroup.eu,1
safety!,1
2500nm,1
indication,1
eventually,1
510hp,1
hydroelectric,1
limitation,1
2600nm,1
softstop,1
xwatchqualified,1
8.8tonne,1
detriment,1
shaping,1
36tonne,1
sole,1
r936,1
2piece,1
visible,1
6ge,1
£300000,1
cv6,1
judds,1
500m,1
engie,1
thursday,1
sy80u,1
r396,1
wednesday,1
pursue,1
cardiff,1
economically,1
12.1inch,1
tidy,1
snowfalls,1
+7%,1
dive,1
+3%;,1
clicks,1
routes,1
links,1
5%;,1
resorts,1
drawbar,1
sports,1
+9%;,1
pull,1
khe,1
+8%;,1
2000mm,1
merging,1
pullup,1
tiltable,1
lineups,1
lcd,1
accelerating,1
upon,1
selfexplanatory,1
autoweighing,1
umbrella,1
hydroexcavation,1
supervision,1
pf,1
seismic,1
pistons,1
qualification,1
mechanising,1
inspected,1
agility,1
biofuels,1
cylinderheads,1
cwmbran,1
hell,1
cootroisponts,1
preferred,1
flip,1
s84615,1
witness,1
purposeengineered,1
banbridge,1
page,1
front/rear,1
cash,1
surplus,1
dykes,1
sectored,1
supervisors,1
havs,1
syndrome,1
handheld,1
gangs,1
securing,1
traditionally,1
broad,1
650hp,1
sy26u,1
low/high,1
speedboost;,1
hoist/swing,1
recognized,1
consumption;,1
emerging,1
litreperhour,1
disconnected,1
deceleration,1
serviceability;,1
controllability;,1
initiatives;,1
snowclearing,1
ergonomics;,1
repositioned,1
energised,1
swedishbased,1
directional,1
40000,1
coastout,1
spin,1
comfort;,1
height;,1
tagline,1
industry;,1
tilt/rotator,1
40kph,1
610mm,1
nonlineofsight,1
downhills,1
250hour,1
550mm,1
fear,1
sideclamping,1
blow,1
recommend,1
overloading,1
underloading,1
misloading,1
shake,1
batching,1
spreading,1
probably,1
dozing;,1
pretoria,1
ergonomicallysuperior,1
allround,1
subscribing,1
parabolic,1
amenities,1
digloading,1
elevates,1
feeling,1
emesrt,1
applicable,1
levy,1
22000,1
sensitivity,1
pitch,1
window,1
switching;,1
mzar80,1
£380m,1
slowing,1
249hp,1
widely,1
documents,1
tailswing,1
publishes,1
associations,1
ambient,1
agencies,1
daytime,1
illuminates,1
atop,1
relating,1
wearing,1
seatbelt,1
inflation,1
claims,1
nowadays,1
dycerhopkins,1
6hrs,1
1.5hrs,1
installers,1
15kw,1
ajh,1
echoed,1
explore,1
3200nm,1
uncomplicated,1
jemma,1
mandate,1
www.cpa.uk.net,1
threefold,1
anvil,1
cope,1
recall,1
macclesfield,1
nextgen,1
customise,1
25mph,1
axis,1
50.7kw/68hp,1
languages,1
plane,1
machine!,1
crowded,1
guided,1
parallelism,1
acquire,1
ending,1
digs,1
acts,1
adapter,1
stanchions,1
click,1
congratulate,1
principal,1
2.4litre,1
lowconsumption,1
fiscal,1
alarms,1
defrost,1
worried,1
doors;,1
visibility;,1
radio;,1
airheated,1
synonymous,1
prized,1
aerial,1
52strong,1
hidromek,1
fundamental,1
iii,1
farming,1
happened,1
eagle,1
centuries,1
mbi,1
teens,1
trades,1
redbridge,1
household,1
driveway,1
ulm412h,1
alterations,1
besides,1
b110w,1
['running,1
functional,1
milligan,1
13849,1
ip69k,1
multitask,1
c5m,1
projects;,1
screened,1
flannery,1
finland,1
tourists,1
contactor,1
familyrun,1
pearce,1
reason,1
hopper,1
recounted,1
ingenium,1
poclain,1
dx2257,1
organic,1
brightwell,1
preserve,1
tank',1
pumped,1
byproduct,1
norderney,1
132scale,1
question,1
lake,1
historic,1
ward,1
cyclones,1
engins,1
silt,1
dewatering,1
topic,1
grabaway,1
aaron,1
r920,1
hmk,1
me?,1
controllable,1
5440kg,1
lateral,1
12000lb,1
saddle,1
interference,1
infinitely,1
commonly,1
plugandplay,1
nonconnected,1
inexperienced,1
lowprofile,1
pathway,1
8k,1
tinted,1
gth,1
mouldboard,1
6k,1
seated,1
reversing,1
mean,1
#4247,1
£25000,1
ara,1
paye,1
120hp,1
12.8m,1
224900,1
42ft,1
ashape,1
periodic,1
pond,1
morning,1
67,1
clarke,1
antitheft,1
s.e.l,1
cation,1
enjoyed,1
earliest,1
highspecifi,1
thing,1
whitnell,1
rang,1
lionel,1
230,1
trimming,1
joltfree,1
afternoon?,1
ask,1
g8,1
pr736,1
welsh,1
multifaceted,1
hesg,1
deepest,1
yr,1
trackbased,1
dl420,1
shoes,1
225000,1
pop,1
diyers,1
u105,1
projected,1
liquid,1
inclination,1
stainless,1
roadrail,1
transducer,1
revolve,1
dense,1
calling,1
westerly,1
woodland,1
listing,1
gentle,1
lifter,1
s.p.a,1
flick,1
futureproofs,1
remained,1
6640mm,1
sticky,1
clips,1
penetrate,1
disassemble,1
grooves,1
tread,1
clog,1
nogara,1
greasy,1
twostage,1
airtight,1
2.67m,1
advancement,1
stable,1
swissbased,1
b2b,1
railway,1
150000,1
instrumentation,1
station.'],1
mewps,1
complying,1
entsorgungssysteme,1
safetyrelevant,1
everincreasing,1
surefootedness,1
nowhere,1
ride,1
redundant,1
18.9kw,1
2200rpm,1
ecomode,1
explains,1
villager,1
tick,1
container,1
woodlands,1
erecting,1
fluctuations,1
heavylift,1
fences;,1
endure,1
competitor,1
200+,1
u173,1
eet,1
producer,1
4705mm,1
niche,1
7015mm,1
trials,1
9l/h,1
dl420cvt,1
wire,1
e1,1
hedge,1
bruntingthorpe,1
scrubbing,1
rinsing,1
fl,1
0.28m3,1
10mm,1
52tonne,1
2540mm,1
coarse,1
outputted,1
www.crjservices.co.uk,1
learners,1
salisbury,1
952e,1
winchester,1
muckshifter,1
trends,1
52,1
123yearold,1
4.46,1
precleaner,1
agenda,1
welldesigned,1
centre/lh/rh,1
foray,1
23l/h,1
250000sq,1
3part,1
50000sq,1
1.45tonne,1
269000,1
signatory,1
height/digging,1
doosanconnect,1
9528kg,1
shoe,1
1465mm,1
trimming;,1
width;,1
opting,1
2250mm,1
personalised,1
phil,1
2657mm,1
davey,1
149l/min,1
hits,1
450mm,1
it!,1
4110mm,1
nostall,1
parking,1
4wd,1
multiagency,1
balconies,1
editron,1
groundcare,1
tl43.80hf,1
releases,1
tl30.70,1
motorgraders,1
tl30.60,1
s.r.o,1
19,1
19.200,1
269hp,1
multiadjustable,1
weathering,1
staircases,1
hands,1
1966,1
44980,1
26976,1
norden,1
cube,1
scrubs,1
4.3m3,1
500mwh,1
bv,1
mission,1
intervening,1
dumping,1
illustrate,1
walls,1
6.4m3,1
combat,1
rroic,1
fpt,1
hiescr2,1
attach,1
a/c,1
scrof,1
normal,1
200c,1
applicationengineered,1
outer,1
a/t,1
enduro,1
transaxle,1
138hp,1
50000m²,1
115kw,1
156hp,1
planetary,1
singlereduction,1
129kw,1
173hp,1
limitedslip,1
142kw,1
190hp,1
gth1056,1
reposition,1
tiller,1
occasions,1
venerable,1
2.8,1
tackled,1
belfastbased,1
competent,1
unlikely,1
assures,1
dl300,1
analysis,1
scans,1
protected—limiting,1
mitigating,1
inclusive,1
ramping,1
campus,1
tiles,1
atomizer,1
wellplaced,1
weren't,1
clients',1
appreciated,1
fulfilled,1
nixon,1
bolster,1
net.'],1
exeditor,1
predominantly,1
recruits,1
industryspecific,1
adaptive,1
seat;,1
protocol,1
responding,1
differences,1
sugrue,1
glance,1
recognises,1
300strong,1
prospective,1
1992,1
£1.1,1
heard,1
ninetonne,1
thousand,1
blown,1
briefed,1
stack,1
stopped,1
flashing,1
dependability,1
read,1
tenfold,1
leads,1
soh,1
sleeker,1
sockets,1
searching,1
sop,1
balancing,1
affirms,1
circumstances,1
singlesurface,1
unbeatable,1
method,1
ceilings,1
300000m²,1
outreach,1
youtube,1
mum,1
20kva,1
500kva,1
connectors,1
brakes,1
harmful,1
perceive,1
40kva,1
girls,1
100kva,1
photos,1
instagram,1
tiktok,1
fittings,1
info,1
sitewatchtm,1
counter,1
geolocation,1
vastly,1
geofences,1
aisles,1
2.679.0m3,1
twotier,1
181kn,1
coatbridge,1
250000,1
portal,1
11000sq,1
fastmoving,1
easy!,1
portfolios,1
rollermounted,1
1588kg,1
6wd,1
lb,1
24inch,1
soils,1
17.15m,1
lasts,1
563,1
bumping,1
effect,1
2721kg,1
6000lb,1
friction,1
slewing,1
cheshire,1
tensioners,1
caps,1
undercarriages,1
portishead,1
luton,1
coalville,1
leicestershire,1
tonbridge,1
reading,1
thetford,1
@the_digger_girl,1
bridgwater,1
warrington,1
£7.5,1
11961kg,1
9%,1
macclesfieldbased,1
nv,1
midmount,1
6.6,1
nerenhausen,1
10tonne,1
2100rpm,1
cited,1
jlgbranded,1
flange,1
2952mm,1
pod,1
tumbler,1
127mm,1
50mm,1
200000m³,1
i.e,1
100mm,1
maintainability,1
frank,1
2.25m,1
enormously,1
2.6m,1
10l/h,1
ash,1
unscheduled,1
compliance,1
failures,1
£97m,1
20171kg,1
fifthgeneration,1
tubing,1
disadvantages,1
19260kg,1
transform,1
ridley,1
armitage,1
https//www.youtube.com/@the_digger_girl,1
document,1
deutz,1
ergopower,1
4speed,1
1899,1
centralising,1
189kn,1
excludes,1
continuously,1
rakes,1
#w44066,1
applicationrelated,1
brushcat,1
mt55,1
seeders,1
owes,1
paderborn,1
transmitted,1
brickworks,1
warburg,1
achieves,1
12487kg,1
bonenburg,1
rescue,1
sk7158,1
lightweight,1
honda,1
+35%,1
+32,1
21%,1
bridges,1
zx350lc6s,1
zx225uslc6,1
42,1
ended,1
systematics,1
lowlevel,1
comprise,1
steadily,1
numbers,1
dumps,1
intersections,1
interoperable,1
0.99%,1
34%,1
spur,1
buyer,1
paths,1
priming,1
1300m²,1
lost,1
3800,1
taysidebased,1
visitor,1
conexpcon/ag,1
releasing,1
+46%,1
payments,1
midland,1
communicate,1
500mm,1
deferral,1
sticks,1
metrics,1
fogs,1
sloped,1
accumulation,1
stick/boom,1
sealed,1
bushings,1
guiding,1
customerspecific,1
promotes,1
mobius,1
zx870lcr5,1
singlehand,1
aware,1
agnostic,1
estimates,1
12.85m,1
infrastructures,1
seating,1
weakest,1
+21%,1
gerhard,1
appear,1
endtoend,1
fading,1
shorten,1
youngcheul,1
excavate,1
quickchange,1
surprising,1
1000hour,1
unmatched,1
30+,1
swift,1
independence,1
performancematched,1
shoulders,1
keypad,1
handles,1
designers,1
female,1
male,1
chooses,1
concern,1
43,1
perceived,1
pressurecompensated,1
decentralise,1
presses,1
securelock,1
endusers,1
entails,1
relation,1
palm,1
walesbased,1
activation,1
slabs,1
pushed,1
harnessing,1
exhibitor,1
purging,1
cho,1
uphill,1
harvey,1
sugden,1
amid,1
effects,1
synergistic,1
café,1
refreshments,1
terraced,1
renamed,1
workability,1
fuelwater,1
ninemonth,1
weighing*,1
twoyear,1
righthandsideview,1
96,1
convert,1
hauled,1
finds,1
topperforming,1
330kw,1
agritrac,1
443hp,1
c13b,1
afterservice,1
hl960as,1
2990mm,1
interacting,1
seasonal,1
intention,1
mudguards,1
gradient,1
nascimento,1
simpletouse,1
7/55,1
2.0,1
solidified,1
['after,1
toptier,1
barista,1
coffee,1
watkins,1
relentlessly,1
conveys,1
schiedeck,1
buxton,1
words,1
confirming,1
27th,1
3m;,1
5.0m³/min,1
13.8bar,1
baltics,1
cfm,1
livestreamed,1
cat.com,1
105,1
3.0m³/min,1
fernando,1
c7.1,1
registering,1
84,1
subpacks,1
canopies,1
frontend,1
effortlessly,1
eleventh,1
fixedframe,1
75,1
2.4m,1
ex12006,1
danish,1
+8%,1
korea,1
narrowing,1
semifinalists,1
bumpers,1
standing,1
crowning,1
interesting,1
7/25,1
7/20,1
stabilise,1
pontus,1
bases,1
ericksson,1
outputs,1
bunded,1
sebastian,1
behr,1
14/35,1
180cfm,1
11.35tonne,1
immensely,1
7.5%,1
customizations,1
imai,1
thompson,1
dierick,1
nominal,1
grenz,1
140cfm,1
indefinitely,1
4.0m³/min,1
andreas,1
hitting,1
transportability,1
scoring,1
i40,1
topping,1
superfast,1
recharged,1
3.5hour,1
attend,1
curve,1
industrywide,1
crew,1
decal,1
lounge,1
veldsman,1
mud,1
6000kg,1
1012000,1
depend,1
jessica,1
facebook.com/catconstruccionglobal,1
easytoopen,1
masato,1
66.67%,1
14000hour,1
esg,1
governance,1
livestreaming,1
pages,1
facebook.com/catconstructionemea,1
facebook.com/catconstruction,1
facebook.com/catconstructionau,1
latin,1
hander,1
hayley,1
inperson,1
wa380wa5008,1
50%;,1
zx670lch3,1
9am,1
4pm,1
optionally,1
warnings,1
crisply,1
colleagues,1
levyregistered,1
broadcast,1
www.cat.com/en_us/campaigns/event/conexpo2023/livebroadcast.html,1
kris,1
hatz,1
140kg,1
firefighting,1
bultin,1
quarried,1
lancaster,1
leyland,1
preston,1
readymix,1
reward,1
brewster,1
reaping,1
£35000,1
calculations,1
r1500,1
scalper,1
scalpers,1
malcolm,1
surpassing,1
ancient,1
expo,1
neighbour,1
harvested,1
fence,1
meters,1
galileo,1
commissioning,1
premiered,1
kinloch,1
averaged,1
margin,1
negligible,1
486,1
opt,1
1967,1
monuments,1
rx,1
biodiversity,1
bear,1
visualisation,1
stem,1
assortment,1
felled,1
scanning,1
drones,1
plotting,1
vinyl,1
wrap,1
shayne,1
decorated,1
fia,1
charcoal,1
deserves,1
generous,1
wed,1
schoolchildren,1
uniquely,1
wright,1
wonderful,1
nottinghamshire,1
murden,1
attended,1
1.5˚c,1
charitable,1
alike,1
94%,1
focussed,1
kicks,1
infancy,1
tubs,1
pizza,1
bulky,1
scallop,1
duralink,1
hdxl,1
eyes,1
pt,1
final/eu,1
burns,1
armada,1
cheering,1
race,1
d10t,1
men,1
racing,1
granfors,1
racetrack,1
seventh,1
multiyear,1
energyoptimised,1
4%,1
frees,1
lifeenhancing,1
autocarry,1
flexibly,1
nonlineofsite,1
400m,1
partly,1
barrow,1
montalegre,1
trunnion,1
competitively,1
kalimantan,1
2200,1
dolly,1
2200kg,1
ran,1
doubles,1
4tonne,1
pan,1
easyaccess,1
dissipation,1
plugging,1
singleplane,1
pusharm,1
beams,1
bushing,1
8000hour,1
dollies,1
wickford,1
bundles,1
stuck,1
mc2853,1
maeda,1
stranger,1
slinger/signaller,1
lads,1
controller,1
fingers,1
distinctive,1
scratch,1
splendid,1
multitalented,1
member,1
invite,1
heron,1
spinning,1
balls,1
£3000,1
vietnam,1
sd08,1
quickcoupler,1
maintained,1
likeminded,1
largely,1
zealand,1
gutters,1
£25,1
5m,1
paver,1
enclosure,1
hood,1
sealing,1
inlet,1
apecs,1
transfers,1
yoshio,1
sugimoto,1
21m,1
vosch,1
1650,1
friendliness,1
witnessing,1
718,1
gtx,1
1600kg,1
cnc2,1
displaying,1
cnb11,1
vacuum,1
selfpropelled,1
edgings,1
paviour,1
encompasses,1
suggests,1
launches,1
hearing,1
acres,1
gts,1
foundries,1
gt,1
universal,1
1986,1
organically,1
sq,1
gtt,1
160000,1
exponentially,1
oneman,1
beginnings,1
humble,1
announces,1
850t,1
thirdparty,1
docks,1
pressed,1
freeport,1
operative,1
240mm,1
1.5m2,1
0.6m2,1
inner,1
interfaces,1
lynch,1
solent,1
cosham,1
plc,1
sindall,1
eastleigh,1
navigator,1
winchesterbased,1
dualpower,1
simpler,1
reflected,1
intact,1
catpayload,1
ngh;,1
v2,1
eps,1
tunnel,1
3t,1
diamond,1
races,1
handprints,1
pupils,1
screencore,1
deflector,1
arrival,1
locker,1
cleanout,1
measurement,1
uniformly,1
wrapping,1
72dba,1
climatecontrolled,1
failure,1
mitigates,1
sight,1
5inch,1
pitting,1
highaccuracy,1
stream,1
viewing,1
dieselelectric,1
3g,1
visualised,1
thicknesses,1
www.hwmgroup.co.uk,1
nonhazardous,1
respecting,1
1000mm,1
mainframe,1
css,1
29500kg,1
transportable,1
minerals,1
650mm,1
horsepower,1
fastcharge,1
regenerate,1
hutchinson,1
hirakata,1
choices,1
malmo,1
sharpen,1
laurels,1
excitement,1
majeure,1
s.r.l,1
1.5tonne,1
grastorp,1
cities,1
gothenburg,1
stockholm,1
continent,1
rotated,1
glazed,1
motorways,1
1200m2,1
5.9db,1
forecourt,1
demos,1
seo,1
seamless,1
predicted,1
78000,1
48800,1
emissionscompliant,1
eastern,1
transmit,1
£100m,1
highperforming,1
75year,1
fanbase,1
biweekly,1
kilsaranowned,1
directors,1
holywell,1
somewhat,1
fullyfledged,1
commemorate,1
totalling,1
coinciding,1
100th,1
remember,1
tadano,1
1922,1
gj,1
advocate,1
giveaways,1
thessaloniki,1
banner,1
1941,1
distortion,1
windscreen,1
12month,1
onepiece,1
consultation,1
embarked,1
telematic,1
investor,1
entered,1
whom,1
widespread,1
occupies,1
eradicates,1
fixes,1
neplachov,1
skillset,1
nation,1
rawding,1
futureproofing,1
£12.64,1
manson,1
problem,1
mechanic,1
phenomenal,1
fix,1
food,1
entertainment,1
municipal,1
asking,1
bohemia,1
fivemonth,1
ceremonially,1
philosophy,1
evening,1
rollon/rolloff,1
progression,1
logistical,1
outofhours,1
breakdown,1
showroom,1
soon,1
96%,1
feather,1
alltime,1
flídr,1
​​750m2,1
urgently,1
rent,1
bridge,1
swansea,1
intensive,1
františek,1
sensational,1
modernised,1
mustattend,1
aia,1
muchloved,1
gained,1
comedian,1
bridgend,1
sydney,1
granita,1
fred,1
lomy,1
2003,1
macaulay,1
entertain,1
hilton,1
estimating,1
allocation,1
andrew,1
deklyn,1
highways,1
pc490,1
providers—with,1
brand!,1
moment,1
13200,1
5715kg,1
sixstrong,1
£10.5m,1
emissionssensitive,1
kim,1
complain,1
joongsoo,1
utmost,1
moreels,1
carbin,1
23,1
zx350lc6,1
hydrogenrelated,1
themes,1
teaching,1
2530%,1
discover,1
knife,1
progressively,1
wales;,1
300kw,1
402hp,1
1700nm,1
regard,1
20kwh,1
grooming,1
dna,1
pain,1
h2ice,1
1.8m,1
jobspecific,1
sk8158,1
costal,1
sk8208,1
dash,1
miserly,1
deficits,1
evaluated,1
10th,1
sits,1
wind,1
learns,1
algorithm,1
dash5,1
regards,1
testimonials,1
visually,1
eyecatching,1
6000hour/12year,1
filter;,1
definition,1
alpine,1
ski,1
11litre,1
s84044,1
sdgs,1
commercialization,1
fullscale,1
description,1
1.56m,1
satisfies,1
shipping,1
australian,1
enroute,1
prominent,1
wellpositioned,1
kilsaran,1
nothern,1
b,1
cone,1
mikael,1
meetings,1
metsooutotec,1
aligns,1
slots,1
stonehaven,1
creation,1
noteworthy,1
160,1
sevenacre,1
durness,1
exploring,1
sidetilting,1
boast,1
exaggeration,1
strategically,1
1998,1
preexisting,1
fifth,1
hull,1
stakeholders—including,1
contributor,1
incidents,1
eu7,1
loved,1
1g/kwh,1
mulching,1
lowpurity,1
energydense,1
myriad,1
51440,1
500km,1
regarded,1
12th,1
agritechnica,1
communications,1
mackintosh,1
unmet,1
summarised,1
rathcoolebased,1
1092mtons,1
5012cbm,1
nakari,1
stevedores,1
embarkation,1
disembarkation,1
wyn,1
timo,1
quayside,1
stance,1
executives,1
immeasurably,1
delbrant,1
fabrications,1
roro,1
baštýř,1
dorset,1
scenes,1
highestlevel,1
ord,1
followers,1
afford,1
walker,1
dealerships,1
kd,1
reveal,1
tessenderlo,1
overseeing,1
mclean,1
requesting,1
wiltshire,1
spot,1
sp,1
ba,1
dt,1
postcodes,1
cee,1
mcleans,1
failed,1
dr,1
impressively,1
1976,1
1962,1
skin,1
highprofile,1
editorial,1
302.7,1
initiated,1
factbased,1
43.4hp,1
actionable,1
alleviate,1
crucial,1
lawrence,1
progresses,1
4970kg,1
5085kg,1
assign,1
cloudbased,1
tied,1
32.4kw,1
180.1nm,1
retainable,1
lowarmfatigue,1
132.8lb,1
4pump,1
harmonised,1
retrofitted,1
37.3kn,1
subscription,1
lists,1
54.8kn,1
3575mm,1
plumbed,1
fortress,1
quickhitches,1
specifying,1
15yearold,1
supporter,1
modelling,1
2500,1
gases,1
£1.3m,1
elevated,1
urea,1
['user,1
recycle,1
a910,1
mcnulty,1
z,1
5060%,1
hilldrup,1
shire,1
jon,1
rebuilding,1
us$6.2,1
1.6m,1
hp,1
seatmounted,1
jacobe,1
diss,1
amounts,1
oldest,1
30min,1
islands;,1
wilson,1
sal,1
ffi,1
compliments,1
240tonne,1
61%,1
dutton,1
hubertus,1
pushes,1
audiences,1
futurefocused,1
holistic,1
twentythree,1
muir,1
underhood,1
principals,1
mantra,1
muenster,1
formed,1
8.5,1
st,1
cyrus,1
dieselfuelled,1
£3.9m,1
turriff,1
reconditioned,1
mcleans',1
saco,1
viscous,1
5.9,1
£1.8m,1
identical,1
generates,1
e55z/e60,1
predictable,1
3.6m,1
75mm,1
93.2lpm,1
ots,1
socially,1
completion,1
mammoth,1
respective,1
dispensation,1
firstofitskind,1
bennie,1
practice,1
cooks,1
norris,1
allexpensepaid,1
p.m,1
surveillance,1
weekend,1
beginning,1
worldfirst,1
cohabit,1
rover,1
evolved,1
concluding,1
marion,1
together!,1
escalating,1
tighter,1
bucyrus,1
publicfunded,1
hx220,1
shortages,1
r9600,1
brisbane,1
geographically,1
monster,1
overbooked,1
employing,1
congestion,1
bottles,1
jr,1
optioned,1
goods,1
covid,1
wholesale,1
sixacre,1
sunderland,1
lockerbie,1
questionnaires,1
forming,1
charter,1
finlay,1
screeners,1
stackers,1
václav,1
peroni,1
electrics,1
stuart,1
barclay,1
chartered,1
distributing,1
secretary,1
struck,1
progressed,1
convey,1
150scale,1
plenty,1
mini/midi,1
easytoview,1
ciaran,1
consistently,1
overhang,1
elementary,1
6wayadjustable,1
20.6mpa,1
4.3inch,1
localised,1
wirelessly,1
inclusion,1
aids,1
liège,1
facilitating,1
adoption,1
charlton,1
conditioner,1
footrests,1
midarm,1
onetouch,1
activate,1
grows,1
employer,1
owner/operators,1
reminders,1
retail,1
scandinavian,1
recording,1
chart,1
edinburgh,1
cj,1
detailing,1
starters,1
entrants,1
faces,1
tb300,1
ehklas,1
ehsanullah,1
editors,1
locktolock,1
5ton,1
flagships,1
jc,1
9000,1
fuss,1
scuffing,1
8000+,1
rbs,1
construct,1
superflat,1
robinson,1
floors,1
pm,1
2100x,1
kelly,1
1400x,1
photocall,1
1400,1
spearheading,1
5speed,1
waitings,1
jet,1
