word,count
electric,150
customers,56
new,53
solutions,51
site,50
wheel,46
excavator,41
loaders,33
load,32
machines,32
industry,31
work,30
operator,30
available,28
business,27
america,27
compact,26
company,26
north,25
production,25
first,25
sales,23
connected,22
fossilfree,22
emissions,22
market,22
system,22
assist,21
excavators,21
service,21
dd25,21
loader,20
time,20
operators,20
future,20
group,19
markets,19
working,18
safety,18
solution,18
compaction,18
transformation,17
manager,17
range,17
steel,17
including,17
development,17
jobsite,16
help,16
europe,16
zero,16
show,15
sustainable,15
asphalt,15
important,15
head,15
l25,15
building,15
change,15
operation,14
global,14
investment,14
ec230,14
increased,14
control,14
map,14
world,14
charging,14
power,13
materials,13
up,13
view,13
president,13
applications,13
operations,13
office,13
another,12
conexpo,12
way,12
task,12
services,12
productivity,12
drive,12
net,12
battery,12
hours,12
like,12
last,12
performance,12
process,12
helping,12
products,11
sweden,11
made,11
compactor,11
same,11
high,11
carbon,11
better,11
continue,11
free,11
facility,11
take,11
well,11
emission,11
sek,11
booth,11
designed,10
together,10
efficiency,10
benefits,10
operating,10
ec500,10
contracts,10
plant,10
continued,10
infrastructure,10
large,10
part,10
track,10
works,10
need,10
based,10
product,10
management,10
copilot,10
trucks,10
set,10
maintenance,10
accidents,10
technology,10
job,9
mapping,9
step,9
allows,9
around,9
sustainability,9
many,9
jernberg,9
soil,9
model,9
zeroemission,9
midsize,9
south,9
visibility,9
korea,9
changwon,9
partners,9
activity,9
driving,9
own,9
information,9
m,9
dealer,9
million,9
melker,9
reduce,9
built,8
arvika,8
financial,8
fuel,8
collision,8
attendees,8
las,8
comes,8
via,8
hall,8
2040,8
goals,8
providing,8
crh,8
right,8
hauler,8
vegas,8
finance,8
next,8
app,8
contract,8
functionality,8
thanks,8
makes,8
allowing,8
milestone,8
packages,8
easily,8
addition,8
demand,8
material,8
allow,8
targets,8
quarter,8
china,8
projects,8
increase,8
areas,7
recycling,7
two,7
lead,7
articulated,7
generation,7
just,7
role,7
features,7
paper,7
existing,7
today,7
order,7
position,7
stockholm,7
further,7
supply,7
data,7
regulations,7
climate,7
ideal,7
risk,7
committed,7
intelligent,7
requirements,7
introduction,7
cab,7
orders,7
larger,7
largest,7
gold,7
good,7
remained,7
already,7
l120h,7
mitigation,7
due,7
choose,7
smart,7
provide,7
value,7
key,7
leading,7
investments,7
offers,7
urban,6
different,6
diesel,6
ssab,6
onboard,6
find,6
coming,6
realtime,6
lower,6
detection,6
adjusted,6
depending,6
taking,6
access,6
experts,6
expected,6
clear,6
three,6
full,6
obstacle,6
line,6
commitment,6
speed,6
ready,6
target,6
chain,6
complete,6
co2,6
core,6
begin,6
efficient,6
selected,6
compactors,6
delivering,6
forward,6
still,6
users,6
strategy,6
components,6
journey,6
footprint,6
provides,6
build,6
manufacturer,6
fossil,6
2030,6
truck,6
down,6
total,6
city,6
1,6
ecr25,6
times,6
ambition,6
conversion,6
tools,6
portal,6
project,6
significant,6
get,6
every,5
enables,5
levels,5
models,5
offered,5
press,5
enclosed,5
package,5
q4,5
zones,5
make,5
option,5
klara,5
needs,5
offer,5
operate,5
start,5
starts,5
making,5
conditions,5
electromobility,5
great,5
shift,5
powerful,5
cycle,5
partnership,5
costs,5
everyone,5
wide,5
meet,5
look,5
deliver,5
engineering,5
trade,5
application,5
pennsy,5
focus,5
tool,5
quarry,5
produced,5
reverse,5
factory,5
improved,5
currently,5
vision,5
comments,5
remote,5
reduction,5
inside,5
looking,5
play,5
3000,5
tons,5
manage,5
improve,5
charger,5
achieve,5
reach,5
dig,5
become,5
cost,5
powered,5
stay,5
reduced,5
level,5
reducing,5
electrification,5
enhanced,5
entire,5
cmv,4
unveiled,4
standard,4
tasks,4
35%,4
exhaust,4
tailored,4
functions,4
include,4
brings,4
approximately,4
activities,4
alerts,4
support,4
science,4
useful,4
23ton,4
weighing,4
greenhouse,4
gas,4
finished,4
partner,4
least,4
benefit,4
latest,4
reports,4
comfort,4
commercially,4
best,4
action,4
environments,4
less,4
created,4
select,4
options,4
single,4
road,4
request,4
ec250e,4
enabling,4
function,4
environment,4
fitted,4
charge,4
uptime,4
upon,4
sites,4
integrated,4
avoid,4
easy,4
blue,4
impact,4
mind,4
lite,4
accessed,4
result,4
web,4
completely,4
worksite,4
managers,4
proven,4
delivered,4
status,4
hydraulic,4
visit,4
required,4
variety,4
expand,4
possible,4
capacity,4
temporary,4
—,4
size,4
facilities,4
q1,4
continues,4
handover,4
haulers,4
results,4
agenda,4
portfolio,4
keep,4
entsorgung,4
böhm,4
area,4
announced,4
digital,4
introduced,4
impacted,4
announcements,4
raw,4
waste,4
launch,4
appointed,4
effect,4
skanska,4
deliveries,4
philippe,4
outside,4
low,4
among,4
homes,4
fleet,4
six,4
popular,4
innovation,4
ongoing,4
jonas,4
team,4
alongside,4
strong,4
boost,4
increasing,4
biggest,4
international,4
reinsch,4
challenges,4
jobsites,4
manuel,4
driven,4
develop,3
efforts,3
estimated,3
companies,3
know,3
a30g,3
sciencebased,3
changes,3
launched,3
regions,3
digitalizing,3
30%,3
something,3
means,3
unplanned,3
enable,3
introduce,3
pack,3
l20,3
once,3
phased,3
inc,3
longstanding,3
automatically,3
silver,3
steady,3
quality,3
responsible,3
reliable,3
developed,3
june,3
ensure,3
proving,3
almost,3
join,3
swedish,3
electricity,3
executive,3
preventive,3
experience,3
platform,3
flow,3
netzero,3
connecting,3
achieved,3
interest,3
slowed,3
ec350e,3
ec300e,3
plastic,3
fast,3
maintain,3
conventional,3
assured,3
terms,3
highest,3
bring,3
example,3
money,3
whole,3
asia,3
interested,3
conveyor,3
pass,3
reporting,3
compared,3
suite,3
simple,3
margin,3
ensuring,3
relevant,3
completed,3
steps,3
improving,3
current,3
spaces,3
transshipment,3
little,3
100%,3
enjoy,3
close,3
growth,3
local,3
closer,3
off,3
segment,3
brazil,3
toward,3
driveline,3
end,3
successful,3
14000,3
workplaces,3
day,3
testbed,3
few,3
sensitive,3
despite,3
fact,3
offset,3
brand,3
favorable,3
type,3
german,3
income,3
firm,3
lineup,3
produce,3
positive,3
visualize,3
stephen,3
rallycross,3
unit,3
fia,3
needed,3
ranges,3
specializes,3
why,3
cast,3
initiative,3
traffic,3
vice,3
braås,3
nonvolvo,3
cloudbased,3
approaches,3
roy,3
region,3
dedicated,3
changing,3
radar,3
emt,3
productive,3
additional,3
opportunity,3
near,3
invest,3
medium,3
virtual,3
newest,3
senior,3
valuable,3
especially,3
save,3
supplier,3
faster,3
accelerate,3
rush,3
online,3
automatic,3
sq,3
soon,3
people,3
environmental,3
gives,3
collaboration,3
opportunities,3
android/ios,3
vehicle,3
create,3
consumption,3
ecr18,3
included,3
even,3
device,3
design,3
later,3
visitors,3
place,3
provided,3
challenge,3
organizations,3
found,3
possibility,3
telematics,3
sessions,3
planning,3
ambitions,3
owner,3
ec18,3
standards,2
lisa,2
2700,2
itself,2
kroon,2
innovations,2
ease,2
fredrik,2
district,2
rock,2
put,2
versatility,2
henriette,2
safe,2
replaces,2
precision,2
eye,2
behavior,2
related,2
inception,2
interruptions,2
emissionfree,2
short,2
activating,2
l150h,2
situations,2
neutral,2
accounting,2
demolition,2
österberg,2
eiritz,2
anders,2
choice,2
contribute,2
successfully,2
ground,2
understand,2
announcement,2
2024,2
$7.8,2
noise,2
belts,2
presses,2
39kwh,2
continuously,2
requires,2
manufacturing,2
creation,2
accuracy,2
christian,2
assembly,2
offering,2
plus,2
meeting,2
monitor,2
gorowoy,2
packs,2
recently,2
center,2
logistics,2
managing,2
progress,2
compacted,2
80,2
unloaded,2
brakes,2
richard,2
upclose,2
sjöblom,2
dangerous,2
transform,2
laid,2
agreement,2
early,2
paris,2
heavy,2
transforming,2
fulfil,2
sorting,2
register,2
specifications,2
american,2
batteries,2
wastepaper,2
explains,2
helps,2
identify,2
convert,2
saving,2
gmbh,2
dry,2
containers,2
go,2
customized,2
sufficient,2
mobile,2
accident,2
continuing,2
engine,2
investing,2
onsite,2
screen,2
whatever,2
reason,2
maintaining,2
home,2
long,2
proactively,2
spent,2
caused,2
braking,2
feature,2
65,2
accurate,2
robert,2
budget,2
$6.3,2
rate,2
delivers,2
subscription,2
director,2
sold,2
human,2
pioneering,2
issues,2
mikael,2
identifying,2
excited,2
crawler,2
grow,2
august,2
operational,2
rosales,2
repair,2
roles,2
ce.,2
repairs,2
interface,2
evp,2
cabin,2
legal,2
looked,2
welcome,2
machinery,2
procurement,2
earlier,2
slightly,2
suit,2
leader,2
contribution,2
performing,2
enjoyed,2
peace,2
meanwhile,2
covid19,2
pandemic,2
lockdowns,2
critical,2
receipts,2
obw,2
preproduction,2
live,2
eliminating,2
oil,2
display,2
ericsson,2
specifically,2
exclusive,2
number,2
potential,2
speak,2
traditional,2
planet,2
includes,2
lot,2
manual,2
handling,2
stop,2
administration,2
frequency,2
dealers,2
unique,2
finish,2
adapted,2
handle,2
weather,2
vpm,2
/,2
mode,2
hz,2
light,2
longer,2
switch,2
radio,2
serves,2
assists,2
moving,2
reduces,2
internal,2
plan,2
eskilstuna,2
check,2
loading,2
zeroexhaust,2
stress,2
lift,2
able,2
report,2
sent,2
digitally,2
wait,2
incoming,2
engines,2
goal,2
maximize,2
move,2
streamline,2
technologies,2
quite,2
joysticks,2
give,2
oem,2
oneofakind,2
f8926,2
influencers,2
savings,2
words,2
tickets,2
virtually,2
driver,2
fully,2
agile,2
camera,2
visual,2
points,2
restricted,2
purchased,2
installed,2
sim,2
minimize,2
transport,2
maximum,2
optimize,2
visitor,2
real,2
overview,2
explained,2
series,2
content,2
person,2
bringing,2
official,2
championship,2
drivers,2
car,2
test,2
arenas,2
fun,2
bigger,2
introducing,2
offices,2
lane,2
easier,2
communicate,2
2021,2
importance,2
component,2
aims,2
commitments,2
converted,2
innovate,2
hydrogen,2
share,2
likeminded,2
leadership,2
believe,2
conference,2
americas,2
parson,2
scott,2
second,2
steelmaker,2
supplied,2
pennsylvania,2
petersburg,2
east,2
contact,2
started,2
visible,2
launching,2
unveiling,2
debut,2
mix,2
economic,2
rental,2
notable,2
major,2
overall,2
russia,2
stopped,2
saw,2
prebuy,2
following,2
intake,2
volumes,2
positively,2
really,2
corresponding,2
flat,2
ever,2
demonstrating,2
kind,2
prices,2
commodity,2
primarily,2
history,2
technological,2
particularly,2
profitability,2
launches,2
fulfilling,2
success,2
march,2
advanced,2
systems,2
far,2
vehicles,2
theme,2
strengthened,2
transition,2
creates,2
featured,2
penta,2
strength,2
member,2
delighted,2
months,2
adds,2
thrilled,2
smooth,2
acting,2
kamel,2
krona,2
millions,2
table,2
event,2
connectivity,2
offerings,2
aspects,2
mostly,2
teams,2
elevations,2
offboard,2
perfect,2
bundles,2
passersby,2
exciting,2
dc,2
hour,2
doubledrum,2
turn,2
altitude,2
mean,2
loses,2
24,2
proud,2
optional,2
specific,2
grade,2
costeffective,2
kw,2
performs,2
dd25b,2
architecture,2
coverage,2
enjoyable,2
strict,2
tailpipe,2
responsive,2
vibrations,2
intensity,2
cleaner,2
unlock,2
achieving,2
forerunners,2
fit,2
ac,2
discovery,1
optimum,1
friday,1
tuesday,1
channel,1
diagnosing,1
members,1
intelligence,1
proactive,1
monitoring,1
direct,1
meetandgreet,1
3500,1
recording,1
replace,1
4050%,1
average,1
afternoon,1
race,1
spending,1
unable,1
alerting,1
attend,1
stable,1
confidence,1
hosting,1
wednesday,1
activecare®,1
watching,1
iron,1
concepts,1
cell,1
remotecontrolled,1
morning,1
opens,1
upgraded,1
l350,1
triedandtrue,1
answer,1
questions,1
representatives,1
negative,1
enhance,1
location,1
central,1
recommendations,1
regardless,1
setup,1
transactions,1
chinese,1
focused,1
cash,1
seasonal,1
slowdowns,1
replacements,1
applies,1
experiencing,1
surface,1
ray,1
67,1
gallant,1
premium,1
responsibility,1
reallife,1
extend,1
paving,1
2020,1
4000,1
weakness,1
55,1
globe,1
workplace,1
0,1
residential,1
practical,1
amid,1
topup,1
lunch,1
break,1
combining,1
360degree,1
influenced,1
rates,1
cater,1
validated,1
motors,1
page,1
walkarounds,1
interacting,1
someone,1
joins,1
planned,1
handson,1
commercial,1
original,1
educational,1
confident,1
enlightening,1
details.,1
houses,1
1418,1
goals.,1
small,1
scale,1
street,1
patching,1
ownership,1
parking,1
lots,1
driveways,1
municipalities,1
officials,1
packaged,1
autonomous,1
affected,1
types,1
powertrains,1
des,1
except,1
underlying,1
solid,1
slowdown,1
relatively,1
signals,1
weakening,1
asian,1
commodities,1
partially,1
thailand,1
restrictions,1
correction,1
prebought,1
december,1
sek.,1
marc,1
jean,1
september,1
degrees,1
entirely,1
aim,1
held,1
facilitates,1
140year,1
moment,1
determination,1
largescale,1
courieres,1
retired,1
worksites,1
rose,1
9%,1
amounting,1
100261,1
92031,1
totaling,1
13244,1
12228,1
13.2%,1
13.3,1
remain,1
decline,1
23%,1
although,1
attention,1
q3,1
largely,1
restrictive,1
slotting,1
books,1
colleagues,1
4%,1
again,1
accelerated,1
passionate,1
adequately,1
output,1
running,1
varying,1
sd160b,1
signpost,1
lines,1
350,1
climatesmart,1
ec55,1
force,1
ways,1
come.,1
appetite,1
conexpocon/agg,1
tradeshow,1
everchanging,1
55000,1
squarefoot,1
receiving,1
festival,1
grounds,1
cuttingedge,1
conversation,1
detail,1
fluctuation,1
that´s,1
say,1
developing,1
prepared,1
showcasing,1
eriksson,1
alternatives,1
showcase,1
expansion,1
preconexpo,1
extensive,1
india,1
managed,1
advance,1
actually,1
konz,1
germany,1
belley,1
france,1
sd135b,1
liljestrand,1
signal,1
measurement,1
40,1
invested,1
pictured,1
marked,1
stakeholders,1
rightly,1
expectations,1
hearts,1
10,1
sd115b,1
sd75b,1
capable,1
erect,1
1500,1
touchscreen,1
yet,1
exactly,1
combustion,1
roller,1
account,1
ecosystem,1
lars,1
bumps,1
mitigate,1
metre,1
course,1
75%,1
recycled,1
robust,1
2,1
böhmentsorgungs,1
sorted,1
pure,1
mining,1
contaminants,1
glue,1
staples,1
60000,1
square,1
behind,1
consequences,1
collected,1
printing,1
plants,1
industrial,1
centres,1
exception,1
kept,1
stacks,1
bales,1
shovel,1
pull,1
apart,1
mountain,1
pushes,1
fumes,1
emitting,1
processing,1
testament,1
advantages,1
sceptics,1
thought,1
proved,1
wrong!,1
run,1
hvo,1
hydrogenated,1
vegetable,1
biofuel,1
90%.,1
amounted,1
ability,1
majority,1
22613,1
putting,1
25109,1
11%,1
happen,1
doubt,1
partnerships,1
innovative,1
name,1
hometown,1
möttingen,1
trailblazer,1
wood,1
combines,1
delivery,1
manageable,1
quantities,1
onto,1
supplying,1
climateneutral,1
smaller,1
integrates,1
gauge,1
determined,1
enthusiastic,1
films,1
effortlessly,1
appreciates,1
manoeuvrability,1
allround,1
afforded,1
pleased,1
employer,1
climatefriendly,1
children,1
park,1
handlers,1
ew240e,1
ew160e,1
elevated,1
old,1
themselves,1
firstclass,1
excellent,1
receive,1
alexander,1
lemke,1
aebi,1
shredders,1
roofs,1
dip,1
cover,1
belt,1
feeds,1
moves,1
silently,1
goes,1
unnoticed,1
compensating,1
37%,1
17%,1
deciding,1
factor,1
purchase,1
crucial,1
emit,1
gases,1
predominantly,1
period,1
protection,1
corporate,1
familyrun,1
environmentally,1
friendly,1
stateoftheart,1
90,1
employees,1
feed,1
kinds,1
solar,1
panels,1
class,1
testing,1
feedback,1
assistance,1
eliminate,1
though,1
always,1
advocates,1
inhouse,1
patentpending,1
factoryfit,1
l110h/l120h,1
equipped,1
optishift,1
outlook,1
l180h,1
l220h,1
l260h,1
l200h,1
requiring,1
detect,1
elevate,1
107%,1
boasts,1
came,1
swecon,1
meat,1
packing,1
everything,1
constructing,1
neighborhood,1
measurements,1
drop,1
totally,1
facilitator,1
2012,1
gear,1
strive,1
altogether,1
incurred,1
avoidable,1
knocks,1
15%,1
responding,1
excluding,1
23,1
seconds,1
slow,1
prior,1
initiation,1
intervene,1
enhances,1
seamless,1
stockpiling,1
remember,1
slope,1
climbed,1
pile,1
temporarily,1
deactivated,1
functioning,1
speeds,1
315,1
km/h,1
1.869.32mp/h,1
matter,1
lowest,1
equivalent,1
overwhelmingly,1
tracking,1
sweden's,1
contracting,1
35000,1
3,1
passes,1
others,1
insights,1
instrumental,1
factors,1
scalability,1
prove,1
12.4%,1
18.3%,1
deputy,1
councillor,1
chairman,1
exploitation,1
committee,1
setting,1
tender,1
procurements,1
amounts,1
excavated,1
10%,1
deployment,1
gps,1
breakthrough,1
2810,1
4587,1
minimally,1
holistic,1
35,1
mission,1
eight,1
anticipated,1
100yearold,1
slakthusområdet,1
known,1
meatpacking,1
heavily,1
declining,1
begins,1
2033,1
open,1
public,1
stipulation,1
particular,1
requirement,1
industryleading,1
peakshaving,1
excavate,1
75000,1
fullest,1
96000,1
stages,1
expenses,1
rd,1
tjernström,1
silence,1
comfortable,1
collaborating,1
aligned,1
similar,1
business.,1
13%,1
farreaching,1
whereabouts,1
covers,1
awareness,1
instant,1
leave,1
trusted,1
hands,1
fixed,1
oneway,1
measures,1
budgeting,1
josé,1
prevailing,1
deserve,1
backup,1
rest,1
volvotrained,1
network,1
concluded,1
easytounderstand,1
choosing,1
according,1
react,1
demands,1
simultaneously,1
multiple,1
reliability,1
www.volvoce.com/unitedstates/enus/services/volvoservices/uptimeservices/volvoservicecontracts/.,1
enjoying,1
search,1
lookup,1
remarked,1
monthly,1
provision,1
hand,1
suitable,1
supervisors,1
subcontractors,1
whom,1
vital,1
filtered,1
frames,1
updates,1
facilitating,1
update,1
https//www.volvoce.com/unitedstates/enus/services/volvoservices/productivityservices/connectedmap/.,1
https//www.volvoce.com/unitedstates/enus/services/volvoservices/productivityservices/taskmanager/,1
30,1
,1
google,1
store,1
stressful,1
agreements,1
extended,1
safer,1
straightforward,1
facilitate,1
familiar,1
keeping,1
away,1
days,1
front,1
congestion,1
consolidating,1
section,1
styling,1
layout,1
highdefinition,1
keyless,1
difficult,1
wired,1
wireless,1
phone,1
dump,1
navigating,1
360°,1
roads,1
landmarks,1
typical,1
classifying,1
object,1
remedial,1
host,1
threepoint,1
guard,1
rails,1
foldable,1
top,1
handrail,1
transportation,1
safely,1
coaching,1
familiarization,1
manually,1
seen,1
prototype,1
operability,1
ec480e,1
approaching,1
notifying,1
defined,1
sections,1
surroundings,1
narrow,1
obstacles,1
detected,1
helpful,1
heralds,1
visualized,1
improvements,1
successor,1
50ton,1
insight,1
stations,1
toughest,1
utilities,1
quarrying,1
aggregates,1
agriculture,1
landscaping,1
a25g,1
a35g,1
regulated,1
workshops,1
differences,1
appearance,1
leaving,1
collating,1
card,1
emerging,1
emitted,1
1.9,1
ton,1
departments,1
come,1
8%,1
groupwide,1
absolute,1
affects,1
nonproductive,1
addresses,1
pain,1
targeting,1
face,1
2050,1
miscommunication,1
finally,1
countries,1
lowered,1
29,1
locations,1
connect,1
cecilia,1
jonsson,1
provider,1
actors,1
big,1
recipient,1
ahead,1
recognizes,1
attached,1
groups,1
transmitter,1
fleets,1
deficient,1
demonstrated,1
week,1
roadbuilders,1
government,1
100meter,1
distance,1
getting,1
ecommerce,1
twoway,1
communication,1
convenience,1
receiver,1
available.,1
electronically,1
turned,1
buyers,1
preorder,1
beacon,1
availability.,1
drilling,1
secured,1
dependent,1
became,1
parts,1
piling,1
october,1
match,1
shorter,1
administrative,1
justin,1
demonstrates,1
easytouse,1
connects,1
busy,1
poor,1
movement,1
jobs,1
nilsson,1
facing,1
creating,1
roll,1
objects,1
timeline,1
handed,1
falling,1
objective,1
strain,1
celebrated,1
path,1
past,1
desktop,1
sights,1
instantly,1
wherever,1
usa,1
apprised,1
developments,1
moved,1
mixed,1
hood,1
smarter,1
paperwork,1
notification,1
utilized,1
sharing,1
zupanc,1
throughout,1
directly,1
players,1
arrival,1
efficiently,1
actively,1
errors,1
alone,1
enters,1
receives,1
call,1
error,1
complex,1
solve,1
dispatch,1
ticket,1
90%,1
shares,1
significantly,1
anytime,1
anywhere,1
tangible,1
viewed,1
dashboard,1
forwardthinking,1
mark,1
depths,1
movements,1
positions,1
sign,1
becoming,1
remotecontrol,1
investigation,1
loadout,1
simplifies,1
adding,1
reservations,1
opening,1
market.,1
former,1
require,1
comprehensive,1
divided,1
separate,1
pairing,1
enough,1
emphasize,1
buried,1
wet,1
matters,1
twostory,1
hub,1
rearview,1
sourcing,1
latin,1
mixture,1
previously,1
served,1
picture,1
handing,1
keys,1
suppliers,1
plenty,1
andy,1
knight,1
sure,1
capital,1
forefront,1
roadmap,1
supports,1
recent,1
entertainment,1
ideally,1
located,1
module,1
highly,1
individual,1
skilled,1
motivated,1
workforce,1
inperson,1
volvoce.com/conexpo2023presskit,1
workshop,1
disruption,1
2500,1
meters,1
kit,1
april,1
commence,1
releases,1
thus,1
14,1
apac,1
sandvik,1
several,1
reserve,1
ma,1
volvoce.com/unitedstates/enus/products/electricmachines/reservation/.,1
impressive,1
record,1
immersive,1
career,1
worked,1
abb,1
nina,1
aresund,1
communicated,1
took,1
compliance,1
presented,1
worker,1
organization,1
seeing,1
rise,1
54%,1
preferred,1
permanent,1
agreed,1
essential,1
27%,1
27596,1
21812,1
currency,1
opened,1
beyond,1
preorders,1
cees,1
analysis,1
batteryelectric,1
22ton,1
brussels,1
u.s,1
starting,1
joining,1
marketleader,1
pilots,1
supporting,1
address,1
strategic,1
displayed,1
gothenburg,1
mentioned,1
increasingly,1
rapid,1
testdrive,1
discuss,1
interact,1
55000squarefoot,1
effective,1
bearing,1
image,1
reenforce,1
closely,1
undergoing,1
whereby,1
flexible,1
competence,1
grades,1
page.,1
quickly,1
cooling,1
uploads,1
cards,1
extreme,1
devices,1
intervals,1
2000,1
positioning,1
filter,1
extracting,1
mixing,1
compromising,1
manufactured,1
travel,1
follow.,1
conjunction,1
parker,1
hannifin,1
20ton,1
cut,1
recognized,1
base,1
upside,1
understands,1
act,1
fingertips,1
availability,1
commercialized,1
preferences,1
settings,1
steer,1
operated,1
gain,1
active,1
automated,1
grading,1
sejong,1
ko,1
utilizing,1
alternatively,1
productively,1
consistency,1
aftermarket,1
generic/nonvolvo,1
pumps,1
fitting,1
backwards,1
disconnected,1
boom,1
affecting,1
smoother,1
ride,1
increases,1
controllability,1
shortens,1
improves,1
higher,1
recommends,1
regularly,1
forwards,1
segments,1
follows,1
moretailored,1
dutch,1
stiffness,1
duty,1
consistent,1
0100%,1
1.52,1
fourday,1
streamed,1
supported,1
density,1
preheat,1
temperature,1
allelectric,1
email,1
volvoce.electromobility.solutions@volvo.com,1
daytoday,1
fans,1
met,1
stars,1
media,1
social,1
tv,1
1.1,1
skills,1
integrate,1
producing,1
55%,1
contests,1
common,1
storage,1
five,1
giving,1
runtime,1
fazl,1
limach,1
back,1
broaden,1
approach,1
speedier,1
implementation,1
happens,1
parallel,1
please,1
details,1
reductions,1
european,1
mashhadi,1
carl,1
attended,1
slotte,1
decarbonization,1
azadeh,1
virtualevents.volvoce.com/enus/brandevents/volvoatconexpolive.,1
scaling,1
extending,1
watch,1
0%,1
counterpart,1
silent,1
combine,1
240,1
kwh,1
important.,1
